{"pagination":{"limit":25,"offset":0,"count":25,"total":524},"data":[{"flight_date":"2020-12-26","flight_status":"scheduled","departure":{"airport":"Phuket International","timezone":"Asia\/Bangkok","iata":"HKT","icao":"VTSP","terminal":"D","gate":null,"delay":null,"scheduled":"2020-12-26T14:45:00+00:00","estimated":"2020-12-26T14:45:00+00:00","actual":null,"estimated_runway":null,"actual_runway":null},"arrival":{"airport":"Suvarnabhumi International","timezone":"Asia\/Bangkok","iata":"BKK","icao":"VTBS","terminal":null,"gate":null,"baggage":null,"delay":null,"scheduled":"2020-12-26T16:15:00+00:00","estimated":"2020-12-26T16:15:00+00:00","actual":null,"estimated_runway":null,"actual_runway":null},"airline":{"name":"Cathay Pacific","iata":"CX","icao":"CPA"},"flight":{"number":"6516","iata":"CX6516","icao":"CPA6516","codeshared":{"airline_name":"bangkok airways","airline_iata":"pg","airline_icao":"bkp","flight_number":"274","flight_iata":"pg274","flight_icao":"bkp274"}},"aircraft":null,"live":null},{"flight_date":"2020-12-26","flight_status":"scheduled","departure":{"airport":"Haneda Airport","timezone":"Asia\/Tokyo","iata":"HND","icao":"RJTT","terminal":"1","gate":"10","delay":null,"scheduled":"2020-12-26T17:45:00+00:00","estimated":"2020-12-26T17:45:00+00:00","actual":null,"estimated_runway":null,"actual_runway":null},"arrival":{"airport":"International","timezone":"Asia\/Tokyo","iata":"HIJ","icao":"RJOA","terminal":null,"gate":null,"baggage":null,"delay":null,"scheduled":"2020-12-26T19:15:00+00:00","estimated":"2020-12-26T19:15:00+00:00","actual":null,"estimated_runway":null,"actual_runway":null},"airline":{"name":"Cathay Pacific","iata":"CX","icao":"CPA"},"flight":{"number":"6362","iata":"CX6362","icao":"CPA6362","codeshared":{"airline_name":"jal","airline_iata":"jl","airline_icao":"jal","flight_number":"265","flight_iata":"jl265","flight_icao":"jal265"}},"aircraft":null,"live":null},{"flight_date":"2020-12-26","flight_status":"scheduled","departure":{"airport":"Haneda Airport","timezone":"Asia\/Tokyo","iata":"HND","icao":"RJTT","terminal":"1","gate":"24","delay":null,"scheduled":"2020-12-26T17:45:00+00:00","estimated":"2020-12-26T17:45:00+00:00","actual":null,"estimated_runway":null,"actual_runway":null},"arrival":{"airport":"Kushiro","timezone":"Asia\/Tokyo","iata":"KUH","icao":"RJCK","terminal":null,"gate":null,"baggage":null,"delay":null,"scheduled":"2020-12-26T19:25:00+00:00","estimated":"2020-12-26T19:25:00+00:00","actual":null,"estimated_runway":null,"actual_runway":null},"airline":{"name":"Cathay Pacific","iata":"CX","icao":"CPA"},"flight":{"number":"6344","iata":"CX6344","icao":"CPA6344","codeshared":{"airline_name":"jal","airline_iata":"jl","airline_icao":"jal","flight_number":"545","flight_iata":"jl545","flight_icao":"jal545"}},"aircraft":null,"live":null},{"flight_date":"2020-12-26","flight_status":"scheduled","departure":{"airport":"Singapore Changi","timezone":"Asia\/Singapore","iata":"SIN","icao":"WSSS","terminal":null,"gate":null,"delay":null,"scheduled":"2020-12-26T16:30:00+00:00","estimated":"2020-12-26T16:30:00+00:00","actual":null,"estimated_runway":null,"actual_runway":null},"arrival":{"airport":"Penang International","timezone":"Asia\/Kuala_Lumpur","iata":"PEN","icao":"WMKP","terminal":"T2","gate":null,"baggage":null,"delay":null,"scheduled":"2020-12-26T18:00:00+00:00","estimated":"2020-12-26T18:00:00+00:00","actual":null,"estimated_runway":null,"actual_runway":null},"airline":{"name":"Cathay Pacific","iata":"CX","icao":"CPA"},"flight":{"number":"79","iata":"CX79","icao":"CPA79","codeshared":{"airline_name":"cathay pacific","airline_iata":"cx","airline_icao":"cpa","flight_number":"78","flight_iata":"cx78","flight_icao":"cpa78"}},"aircraft":null,"live":null},{"flight_date":"2020-12-26","flight_status":"scheduled","departure":{"airport":"Singapore Changi","timezone":"Asia\/Singapore","iata":"SIN","icao":"WSSS","terminal":null,"gate":null,"delay":null,"scheduled":"2020-12-26T16:30:00+00:00","estimated":"2020-12-26T16:30:00+00:00","actual":null,"estimated_runway":null,"actual_runway":null},"arrival":{"airport":"Penang International","timezone":"Asia\/Kuala_Lumpur","iata":"PEN","icao":"WMKP","terminal":"T2","gate":null,"baggage":null,"delay":null,"scheduled":"2020-12-26T18:00:00+00:00","estimated":"2020-12-26T18:00:00+00:00","actual":null,"estimated_runway":null,"actual_runway":null},"airline":{"name":"Cathay Pacific","iata":"CX","icao":"CPA"},"flight":{"number":"78","iata":"CX78","icao":"CPA78","codeshared":null},"aircraft":null,"live":null},{"flight_date":"2020-12-26","flight_status":"scheduled","departure":{"airport":"Haneda Airport","timezone":"Asia\/Tokyo","iata":"HND","icao":"RJTT","terminal":"1","gate":"3","delay":null,"scheduled":"2020-12-26T18:05:00+00:00","estimated":"2020-12-26T18:05:00+00:00","actual":null,"estimated_runway":null,"actual_runway":null},"arrival":{"airport":"Kagoshima","timezone":"Asia\/Tokyo","iata":"KOJ","icao":"RJFK","terminal":null,"gate":null,"baggage":null,"delay":null,"scheduled":"2020-12-26T20:05:00+00:00","estimated":"2020-12-26T20:05:00+00:00","actual":null,"estimated_runway":null,"actual_runway":null},"airline":{"name":"Cathay Pacific","iata":"CX","icao":"CPA"},"flight":{"number":"6410","iata":"CX6410","icao":"CPA6410","codeshared":{"airline_name":"jal","airline_iata":"jl","airline_icao":"jal","flight_number":"653","flight_iata":"jl653","flight_icao":"jal653"}},"aircraft":null,"live":null},{"flight_date":"2020-12-26","flight_status":"scheduled","departure":{"airport":"Hobart","timezone":"Australia\/Hobart","iata":"HBA","icao":"YMHB","terminal":"D","gate":null,"delay":null,"scheduled":"2020-12-26T18:15:00+00:00","estimated":"2020-12-26T18:15:00+00:00","actual":null,"estimated_runway":null,"actual_runway":null},"arrival":{"airport":"Kingsford Smith","timezone":"Australia\/Sydney","iata":"SYD","icao":"YSSY","terminal":"3","gate":null,"baggage":null,"delay":null,"scheduled":"2020-12-26T20:10:00+00:00","estimated":"2020-12-26T20:10:00+00:00","actual":null,"estimated_runway":null,"actual_runway":null},"airline":{"name":"Cathay Pacific","iata":"CX","icao":"CPA"},"flight":{"number":"9133","iata":"CX9133","icao":"CPA9133","codeshared":{"airline_name":"qantas","airline_iata":"qf","airline_icao":"qfa","flight_number":"1586","flight_iata":"qf1586","flight_icao":"qfa1586"}},"aircraft":null,"live":null},{"flight_date":"2020-12-26","flight_status":"scheduled","departure":{"airport":"Bilbao","timezone":"Europe\/Madrid","iata":"BIO","icao":"LEBB","terminal":null,"gate":"2","delay":null,"scheduled":"2020-12-26T09:25:00+00:00","estimated":"2020-12-26T09:25:00+00:00","actual":null,"estimated_runway":null,"actual_runway":null},"arrival":{"airport":"Barajas","timezone":"Europe\/Madrid","iata":"MAD","icao":"LEMD","terminal":"4","gate":null,"baggage":"15","delay":null,"scheduled":"2020-12-26T10:35:00+00:00","estimated":"2020-12-26T10:35:00+00:00","actual":null,"estimated_runway":null,"actual_runway":null},"airline":{"name":"Cathay Pacific","iata":"CX","icao":"CPA"},"flight":{"number":"1852","iata":"CX1852","icao":"CPA1852","codeshared":{"airline_name":"iberia","airline_iata":"ib","airline_icao":"ibe","flight_number":"423","flight_iata":"ib423","flight_icao":"ibe423"}},"aircraft":null,"live":null},{"flight_date":"2020-12-26","flight_status":"scheduled","departure":{"airport":"Suvarnabhumi International","timezone":"Asia\/Bangkok","iata":"BKK","icao":"VTBS","terminal":null,"gate":"M,N","delay":null,"scheduled":"2020-12-26T15:05:00+00:00","estimated":"2020-12-26T15:05:00+00:00","actual":null,"estimated_runway":null,"actual_runway":null},"arrival":{"airport":"Hong Kong International","timezone":"Asia\/Hong_Kong","iata":"HKG","icao":"VHHH","terminal":"1","gate":null,"baggage":null,"delay":null,"scheduled":"2020-12-26T18:55:00+00:00","estimated":"2020-12-26T18:55:00+00:00","actual":null,"estimated_runway":null,"actual_runway":null},"airline":{"name":"Cathay Pacific","iata":"CX","icao":"CPA"},"flight":{"number":"654","iata":"CX654","icao":"CPA654","codeshared":null},"aircraft":null,"live":null},{"flight_date":"2020-12-26","flight_status":"cancelled","departure":{"airport":"Heathrow","timezone":"Europe\/London","iata":"LHR","icao":"EGLL","terminal":"5","gate":null,"delay":null,"scheduled":"2020-12-26T08:25:00+00:00","estimated":"2020-12-26T08:25:00+00:00","actual":null,"estimated_runway":null,"actual_runway":null},"arrival":{"airport":"St-Exup\u00e9ry","timezone":"Europe\/Paris","iata":"LYS","icao":"LFLL","terminal":"2","gate":null,"baggage":null,"delay":null,"scheduled":"2020-12-26T11:00:00+00:00","estimated":"2020-12-26T11:00:00+00:00","actual":null,"estimated_runway":null,"actual_runway":null},"airline":{"name":"Cathay Pacific","iata":"CX","icao":"CPA"},"flight":{"number":"7225","iata":"CX7225","icao":"CPA7225","codeshared":{"airline_name":"british airways","airline_iata":"ba","airline_icao":"baw","flight_number":"360","flight_iata":"ba360","flight_icao":"baw360"}},"aircraft":null,"live":null},{"flight_date":"2020-12-26","flight_status":"scheduled","departure":{"airport":"Haneda Airport","timezone":"Asia\/Tokyo","iata":"HND","icao":"RJTT","terminal":"1","gate":"23","delay":null,"scheduled":"2020-12-26T18:25:00+00:00","estimated":"2020-12-26T18:25:00+00:00","actual":null,"estimated_runway":null,"actual_runway":null},"arrival":{"airport":"Aomori","timezone":"Asia\/Tokyo","iata":"AOJ","icao":"RJSA","terminal":null,"gate":null,"baggage":null,"delay":null,"scheduled":"2020-12-26T19:45:00+00:00","estimated":"2020-12-26T19:45:00+00:00","actual":null,"estimated_runway":null,"actual_runway":null},"airline":{"name":"Cathay Pacific","iata":"CX","icao":"CPA"},"flight":{"number":"6360","iata":"CX6360","icao":"CPA6360","codeshared":{"airline_name":"jal","airline_iata":"jl","airline_icao":"jal","flight_number":"149","flight_iata":"jl149","flight_icao":"jal149"}},"aircraft":null,"live":null},{"flight_date":"2020-12-26","flight_status":"scheduled","departure":{"airport":"Haneda Airport","timezone":"Asia\/Tokyo","iata":"HND","icao":"RJTT","terminal":"1","gate":"18","delay":null,"scheduled":"2020-12-26T17:45:00+00:00","estimated":"2020-12-26T17:45:00+00:00","actual":null,"estimated_runway":null,"actual_runway":null},"arrival":{"airport":"Obihiro","timezone":"Asia\/Tokyo","iata":"OBO","icao":"RJCB","terminal":null,"gate":null,"baggage":null,"delay":null,"scheduled":"2020-12-26T19:20:00+00:00","estimated":"2020-12-26T19:20:00+00:00","actual":null,"estimated_runway":null,"actual_runway":null},"airline":{"name":"Cathay Pacific","iata":"CX","icao":"CPA"},"flight":{"number":"6346","iata":"CX6346","icao":"CPA6346","codeshared":{"airline_name":"jal","airline_iata":"jl","airline_icao":"jal","flight_number":"579","flight_iata":"jl579","flight_icao":"jal579"}},"aircraft":null,"live":null},{"flight_date":"2020-12-26","flight_status":"scheduled","departure":{"airport":"Hong Kong International","timezone":"Asia\/Hong_Kong","iata":"HKG","icao":"VHHH","terminal":"1","gate":"BC","delay":null,"scheduled":"2020-12-26T17:30:00+00:00","estimated":"2020-12-26T17:30:00+00:00","actual":null,"estimated_runway":null,"actual_runway":null},"arrival":{"airport":"Mactan-Cebu International","timezone":"Asia\/Manila","iata":"CEB","icao":"RPVM","terminal":"2","gate":null,"baggage":null,"delay":null,"scheduled":"2020-12-26T20:20:00+00:00","estimated":"2020-12-26T20:20:00+00:00","actual":null,"estimated_runway":null,"actual_runway":null},"airline":{"name":"Cathay Pacific","iata":"CX","icao":"CPA"},"flight":{"number":"925","iata":"CX925","icao":"CPA925","codeshared":null},"aircraft":null,"live":null},{"flight_date":"2020-12-26","flight_status":"scheduled","departure":{"airport":"Kuala Lumpur International Airport (klia)","timezone":"Asia\/Kuala_Lumpur","iata":"KUL","icao":"WMKK","terminal":"1","gate":null,"delay":null,"scheduled":"2020-12-26T17:50:00+00:00","estimated":"2020-12-26T17:50:00+00:00","actual":null,"estimated_runway":null,"actual_runway":null},"arrival":{"airport":"Hong Kong International","timezone":"Asia\/Hong_Kong","iata":"HKG","icao":"VHHH","terminal":"1","gate":null,"baggage":null,"delay":null,"scheduled":"2020-12-26T21:50:00+00:00","estimated":"2020-12-26T21:50:00+00:00","actual":null,"estimated_runway":null,"actual_runway":null},"airline":{"name":"Cathay Pacific","iata":"CX","icao":"CPA"},"flight":{"number":"724","iata":"CX724","icao":"CPA724","codeshared":null},"aircraft":null,"live":null},{"flight_date":"2020-12-26","flight_status":"scheduled","departure":{"airport":"Haneda Airport","timezone":"Asia\/Tokyo","iata":"HND","icao":"RJTT","terminal":"1","gate":"21","delay":null,"scheduled":"2020-12-26T18:30:00+00:00","estimated":"2020-12-26T18:30:00+00:00","actual":null,"estimated_runway":null,"actual_runway":null},"arrival":{"airport":"Chitose","timezone":"Asia\/Tokyo","iata":"CTS","icao":"RJCC","terminal":"D","gate":null,"baggage":null,"delay":null,"scheduled":"2020-12-26T20:05:00+00:00","estimated":"2020-12-26T20:05:00+00:00","actual":null,"estimated_runway":null,"actual_runway":null},"airline":{"name":"Cathay Pacific","iata":"CX","icao":"CPA"},"flight":{"number":"6426","iata":"CX6426","icao":"CPA6426","codeshared":{"airline_name":"jal","airline_iata":"jl","airline_icao":"jal","flight_number":"527","flight_iata":"jl527","flight_icao":"jal527"}},"aircraft":null,"live":null},{"flight_date":"2020-12-26","flight_status":"scheduled","departure":{"airport":"Kansai International","timezone":"Asia\/Tokyo","iata":"KIX","icao":"RJBB","terminal":null,"gate":null,"delay":null,"scheduled":"2020-12-26T18:30:00+00:00","estimated":"2020-12-26T18:30:00+00:00","actual":null,"estimated_runway":null,"actual_runway":null},"arrival":{"airport":"Seoul (Incheon)","timezone":"Asia\/Seoul","iata":"ICN","icao":"RKSI","terminal":null,"gate":null,"baggage":null,"delay":null,"scheduled":"2020-12-26T20:30:00+00:00","estimated":"2020-12-26T20:30:00+00:00","actual":null,"estimated_runway":null,"actual_runway":null},"airline":{"name":"Cathay Pacific","iata":"CX","icao":"CPA"},"flight":{"number":"36","iata":"CX36","icao":"CPA36","codeshared":{"airline_name":"cathay pacific","airline_iata":"cx","airline_icao":"cpa","flight_number":"35","flight_iata":"cx35","flight_icao":"cpa35"}},"aircraft":null,"live":null},{"flight_date":"2020-12-26","flight_status":"scheduled","departure":{"airport":"Kansai International","timezone":"Asia\/Tokyo","iata":"KIX","icao":"RJBB","terminal":null,"gate":null,"delay":null,"scheduled":"2020-12-26T18:30:00+00:00","estimated":"2020-12-26T18:30:00+00:00","actual":null,"estimated_runway":null,"actual_runway":null},"arrival":{"airport":"Seoul (Incheon)","timezone":"Asia\/Seoul","iata":"ICN","icao":"RKSI","terminal":null,"gate":null,"baggage":null,"delay":null,"scheduled":"2020-12-26T20:30:00+00:00","estimated":"2020-12-26T20:30:00+00:00","actual":null,"estimated_runway":null,"actual_runway":null},"airline":{"name":"Cathay Pacific","iata":"CX","icao":"CPA"},"flight":{"number":"35","iata":"CX35","icao":"CPA35","codeshared":null},"aircraft":null,"live":null},{"flight_date":"2020-12-26","flight_status":"scheduled","departure":{"airport":"Chu-Bu Centrair International (Central Japan International)","timezone":"Asia\/Tokyo","iata":"NGO","icao":"RJGG","terminal":"1","gate":"8","delay":null,"scheduled":"2020-12-26T18:50:00+00:00","estimated":"2020-12-26T18:50:00+00:00","actual":null,"estimated_runway":null,"actual_runway":null},"arrival":{"airport":"Chitose","timezone":"Asia\/Tokyo","iata":"CTS","icao":"RJCC","terminal":"D","gate":"4","baggage":null,"delay":null,"scheduled":"2020-12-26T20:30:00+00:00","estimated":"2020-12-26T20:30:00+00:00","actual":null,"estimated_runway":null,"actual_runway":null},"airline":{"name":"Cathay Pacific","iata":"CX","icao":"CPA"},"flight":{"number":"6438","iata":"CX6438","icao":"CPA6438","codeshared":{"airline_name":"jal","airline_iata":"jl","airline_icao":"jal","flight_number":"3117","flight_iata":"jl3117","flight_icao":"jal3117"}},"aircraft":null,"live":null},{"flight_date":"2020-12-26","flight_status":"scheduled","departure":{"airport":"Los Angeles International","timezone":"America\/Los_Angeles","iata":"LAX","icao":"KLAX","terminal":null,"gate":null,"delay":null,"scheduled":"2020-12-26T01:35:00+00:00","estimated":"2020-12-26T01:35:00+00:00","actual":null,"estimated_runway":null,"actual_runway":null},"arrival":{"airport":"Internacional Benito Juarez","timezone":"America\/Mexico_City","iata":"MEX","icao":"MMMX","terminal":null,"gate":null,"baggage":null,"delay":null,"scheduled":"2020-12-26T06:05:00+00:00","estimated":"2020-12-26T06:05:00+00:00","actual":null,"estimated_runway":null,"actual_runway":null},"airline":{"name":"Cathay Pacific","iata":"CX","icao":"CPA"},"flight":{"number":"87","iata":"CX87","icao":"CPA87","codeshared":null},"aircraft":null,"live":null},{"flight_date":"2020-12-26","flight_status":"cancelled","departure":{"airport":"Ninoy Aquino International","timezone":"Asia\/Manila","iata":"MNL","icao":"RPLL","terminal":"3","gate":null,"delay":null,"scheduled":"2020-12-26T17:45:00+00:00","estimated":"2020-12-26T17:45:00+00:00","actual":null,"estimated_runway":null,"actual_runway":null},"arrival":{"airport":"Hong Kong International","timezone":"Asia\/Hong_Kong","iata":"HKG","icao":"VHHH","terminal":"1","gate":null,"baggage":null,"delay":null,"scheduled":"2020-12-26T20:30:00+00:00","estimated":"2020-12-26T20:30:00+00:00","actual":null,"estimated_runway":null,"actual_runway":null},"airline":{"name":"Cathay Pacific","iata":"CX","icao":"CPA"},"flight":{"number":"918","iata":"CX918","icao":"CPA918","codeshared":null},"aircraft":null,"live":null},{"flight_date":"2020-12-26","flight_status":"cancelled","departure":{"airport":"Heathrow","timezone":"Europe\/London","iata":"LHR","icao":"EGLL","terminal":"5","gate":null,"delay":null,"scheduled":"2020-12-26T09:20:00+00:00","estimated":"2020-12-26T09:20:00+00:00","actual":null,"estimated_runway":null,"actual_runway":null},"arrival":{"airport":"Zurich","timezone":"Europe\/Zurich","iata":"ZRH","icao":"LSZH","terminal":null,"gate":null,"baggage":null,"delay":null,"scheduled":"2020-12-26T12:10:00+00:00","estimated":"2020-12-26T12:10:00+00:00","actual":null,"estimated_runway":null,"actual_runway":null},"airline":{"name":"Cathay Pacific","iata":"CX","icao":"CPA"},"flight":{"number":"7211","iata":"CX7211","icao":"CPA7211","codeshared":{"airline_name":"british airways","airline_iata":"ba","airline_icao":"baw","flight_number":"712","flight_iata":"ba712","flight_icao":"baw712"}},"aircraft":null,"live":null},{"flight_date":"2020-12-26","flight_status":"scheduled","departure":{"airport":"Hong Kong International","timezone":"Asia\/Hong_Kong","iata":"HKG","icao":"VHHH","terminal":"1","gate":"8","delay":55,"scheduled":"2020-12-26T17:30:00+00:00","estimated":"2020-12-26T17:30:00+00:00","actual":null,"estimated_runway":null,"actual_runway":null},"arrival":{"airport":"Noibai International","timezone":"Asia\/Ho_Chi_Minh","iata":"HAN","icao":"VVNB","terminal":"T2","gate":null,"baggage":null,"delay":null,"scheduled":"2020-12-26T18:45:00+00:00","estimated":"2020-12-26T18:45:00+00:00","actual":null,"estimated_runway":null,"actual_runway":null},"airline":{"name":"Cathay Pacific","iata":"CX","icao":"CPA"},"flight":{"number":"743","iata":"CX743","icao":"CPA743","codeshared":null},"aircraft":null,"live":null},{"flight_date":"2020-12-26","flight_status":"scheduled","departure":{"airport":"Ted Stevens Anchorage International Airport","timezone":"America\/Anchorage","iata":"ANC","icao":"PANC","terminal":null,"gate":null,"delay":10,"scheduled":"2020-12-26T00:30:00+00:00","estimated":"2020-12-26T00:30:00+00:00","actual":null,"estimated_runway":null,"actual_runway":null},"arrival":{"airport":"Los Angeles International","timezone":"America\/Los_Angeles","iata":"LAX","icao":"KLAX","terminal":null,"gate":null,"baggage":null,"delay":null,"scheduled":"2020-12-26T06:35:00+00:00","estimated":"2020-12-26T06:35:00+00:00","actual":null,"estimated_runway":null,"actual_runway":null},"airline":{"name":"Cathay Pacific","iata":"CX","icao":"CPA"},"flight":{"number":"3280","iata":"CX3280","icao":"CPA3280","codeshared":null},"aircraft":null,"live":null},{"flight_date":"2020-12-26","flight_status":"scheduled","departure":{"airport":"Brisbane International","timezone":"Australia\/Brisbane","iata":"BNE","icao":"YBBN","terminal":"D","gate":"24","delay":null,"scheduled":"2020-12-26T18:30:00+00:00","estimated":"2020-12-26T18:30:00+00:00","actual":null,"estimated_runway":null,"actual_runway":null},"arrival":{"airport":"Tullamarine","timezone":"Australia\/Melbourne","iata":"MEL","icao":"YMML","terminal":"1","gate":"4","baggage":null,"delay":null,"scheduled":"2020-12-26T21:40:00+00:00","estimated":"2020-12-26T21:40:00+00:00","actual":null,"estimated_runway":null,"actual_runway":null},"airline":{"name":"Cathay Pacific","iata":"CX","icao":"CPA"},"flight":{"number":"9084","iata":"CX9084","icao":"CPA9084","codeshared":{"airline_name":"qantas","airline_iata":"qf","airline_icao":"qfa","flight_number":"637","flight_iata":"qf637","flight_icao":"qfa637"}},"aircraft":null,"live":null},{"flight_date":"2020-12-26","flight_status":"active","departure":{"airport":"Kaoshiung International Airport","timezone":"Asia\/Taipei","iata":"KHH","icao":"RCKH","terminal":"I","gate":null,"delay":null,"scheduled":"2020-12-26T11:20:00+00:00","estimated":"2020-12-26T11:20:00+00:00","actual":"2020-12-26T11:08:00+00:00","estimated_runway":"2020-12-26T11:08:00+00:00","actual_runway":"2020-12-26T11:08:00+00:00"},"arrival":{"airport":"Hong Kong International","timezone":"Asia\/Hong_Kong","iata":"HKG","icao":"VHHH","terminal":"1","gate":null,"baggage":null,"delay":null,"scheduled":"2020-12-26T12:50:00+00:00","estimated":"2020-12-26T12:50:00+00:00","actual":null,"estimated_runway":null,"actual_runway":null},"airline":{"name":"Cathay Pacific","iata":"CX","icao":"CPA"},"flight":{"number":"431","iata":"CX431","icao":"CPA431","codeshared":null},"aircraft":{"registration":"B-LAM","iata":"A333","icao":"A333","icao24":"780A0A"},"live":{"updated":"2020-12-26T04:03:58+00:00","latitude":22.29,"longitude":115.64,"altitude":3032.76,"direction":257.27,"speed_horizontal":630.36,"speed_vertical":-32.76,"is_ground":false}}]}