{"pagination":{"limit":25,"offset":0,"count":25,"total":1255},"data":[{"flight_date":"2020-12-26","flight_status":"scheduled","departure":{"airport":"Dublin International","timezone":"Europe\/Dublin","iata":"DUB","icao":"EIDW","terminal":"2","gate":null,"delay":null,"scheduled":"2020-12-26T07:30:00+00:00","estimated":"2020-12-26T07:30:00+00:00","actual":null,"estimated_runway":null,"actual_runway":null},"arrival":{"airport":"Manchester Airport","timezone":"Europe\/London","iata":"MAN","icao":"EGCC","terminal":"1","gate":null,"baggage":null,"delay":null,"scheduled":"2020-12-26T08:30:00+00:00","estimated":"2020-12-26T08:30:00+00:00","actual":null,"estimated_runway":null,"actual_runway":null},"airline":{"name":"British Airways","iata":"BA","icao":"BAW"},"flight":{"number":"2072","iata":"BA2072","icao":"BAW2072","codeshared":{"airline_name":"aer lingus","airline_iata":"ei","airline_icao":"ein","flight_number":"202","flight_iata":"ei202","flight_icao":"ein202"}},"aircraft":null,"live":null},{"flight_date":"2020-12-26","flight_status":"scheduled","departure":{"airport":"Dublin International","timezone":"Europe\/Dublin","iata":"DUB","icao":"EIDW","terminal":"2","gate":"410","delay":null,"scheduled":"2020-12-26T07:30:00+00:00","estimated":"2020-12-26T07:30:00+00:00","actual":null,"estimated_runway":null,"actual_runway":null},"arrival":{"airport":"Leonardo Da Vinci (Fiumicino)","timezone":"Europe\/Rome","iata":"FCO","icao":"LIRF","terminal":"3","gate":null,"baggage":null,"delay":null,"scheduled":"2020-12-26T11:40:00+00:00","estimated":"2020-12-26T11:40:00+00:00","actual":null,"estimated_runway":null,"actual_runway":null},"airline":{"name":"British Airways","iata":"BA","icao":"BAW"},"flight":{"number":"2138","iata":"BA2138","icao":"BAW2138","codeshared":{"airline_name":"aer lingus","airline_iata":"ei","airline_icao":"ein","flight_number":"402","flight_iata":"ei402","flight_icao":"ein402"}},"aircraft":null,"live":null},{"flight_date":"2020-12-26","flight_status":"scheduled","departure":{"airport":"Dublin International","timezone":"Europe\/Dublin","iata":"DUB","icao":"EIDW","terminal":"2","gate":"417","delay":null,"scheduled":"2020-12-26T08:00:00+00:00","estimated":"2020-12-26T08:00:00+00:00","actual":null,"estimated_runway":null,"actual_runway":null},"arrival":{"airport":"El Prat De Llobregat","timezone":"Europe\/Madrid","iata":"BCN","icao":"LEBL","terminal":"1","gate":null,"baggage":null,"delay":null,"scheduled":"2020-12-26T11:30:00+00:00","estimated":"2020-12-26T11:30:00+00:00","actual":null,"estimated_runway":null,"actual_runway":null},"airline":{"name":"British Airways","iata":"BA","icao":"BAW"},"flight":{"number":"8948","iata":"BA8948","icao":"BAW8948","codeshared":{"airline_name":"aer lingus","airline_iata":"ei","airline_icao":"ein","flight_number":"562","flight_iata":"ei562","flight_icao":"ein562"}},"aircraft":null,"live":null},{"flight_date":"2020-12-26","flight_status":"scheduled","departure":{"airport":"Phuket International","timezone":"Asia\/Bangkok","iata":"HKT","icao":"VTSP","terminal":"D","gate":null,"delay":null,"scheduled":"2020-12-26T14:45:00+00:00","estimated":"2020-12-26T14:45:00+00:00","actual":null,"estimated_runway":null,"actual_runway":null},"arrival":{"airport":"Suvarnabhumi International","timezone":"Asia\/Bangkok","iata":"BKK","icao":"VTBS","terminal":null,"gate":null,"baggage":null,"delay":null,"scheduled":"2020-12-26T16:15:00+00:00","estimated":"2020-12-26T16:15:00+00:00","actual":null,"estimated_runway":null,"actual_runway":null},"airline":{"name":"British Airways","iata":"BA","icao":"BAW"},"flight":{"number":"4168","iata":"BA4168","icao":"BAW4168","codeshared":{"airline_name":"bangkok airways","airline_iata":"pg","airline_icao":"bkp","flight_number":"274","flight_iata":"pg274","flight_icao":"bkp274"}},"aircraft":null,"live":null},{"flight_date":"2020-12-26","flight_status":"scheduled","departure":{"airport":"Dublin International","timezone":"Europe\/Dublin","iata":"DUB","icao":"EIDW","terminal":"2","gate":null,"delay":null,"scheduled":"2020-12-26T08:00:00+00:00","estimated":"2020-12-26T08:00:00+00:00","actual":null,"estimated_runway":null,"actual_runway":null},"arrival":{"airport":"Birmingham International Airport","timezone":"Europe\/London","iata":"BHX","icao":"EGBB","terminal":null,"gate":null,"baggage":null,"delay":null,"scheduled":"2020-12-26T09:05:00+00:00","estimated":"2020-12-26T09:05:00+00:00","actual":null,"estimated_runway":null,"actual_runway":null},"airline":{"name":"British Airways","iata":"BA","icao":"BAW"},"flight":{"number":"2102","iata":"BA2102","icao":"BAW2102","codeshared":{"airline_name":"aer lingus","airline_iata":"ei","airline_icao":"ein","flight_number":"262","flight_iata":"ei262","flight_icao":"ein262"}},"aircraft":null,"live":null},{"flight_date":"2020-12-26","flight_status":"scheduled","departure":{"airport":"Kuala Lumpur International Airport (klia)","timezone":"Asia\/Kuala_Lumpur","iata":"KUL","icao":"WMKK","terminal":"1","gate":"H6","delay":null,"scheduled":"2020-12-26T17:10:00+00:00","estimated":"2020-12-26T17:10:00+00:00","actual":null,"estimated_runway":null,"actual_runway":null},"arrival":{"airport":"Tan Son Nhat International","timezone":"Asia\/Ho_Chi_Minh","iata":"SGN","icao":"VVTS","terminal":"2","gate":null,"baggage":null,"delay":null,"scheduled":"2020-12-26T18:05:00+00:00","estimated":"2020-12-26T18:05:00+00:00","actual":null,"estimated_runway":null,"actual_runway":null},"airline":{"name":"British Airways","iata":"BA","icao":"BAW"},"flight":{"number":"7881","iata":"BA7881","icao":"BAW7881","codeshared":{"airline_name":"malaysia airlines","airline_iata":"mh","airline_icao":"mas","flight_number":"766","flight_iata":"mh766","flight_icao":"mas766"}},"aircraft":null,"live":null},{"flight_date":"2020-12-26","flight_status":"scheduled","departure":{"airport":"Heathrow","timezone":"Europe\/London","iata":"LHR","icao":"EGLL","terminal":"5","gate":null,"delay":null,"scheduled":"2020-12-26T09:05:00+00:00","estimated":"2020-12-26T09:05:00+00:00","actual":null,"estimated_runway":null,"actual_runway":null},"arrival":{"airport":"Edinburgh","timezone":"Europe\/London","iata":"EDI","icao":"EGPH","terminal":null,"gate":null,"baggage":"10","delay":null,"scheduled":"2020-12-26T10:30:00+00:00","estimated":"2020-12-26T10:30:00+00:00","actual":null,"estimated_runway":null,"actual_runway":null},"airline":{"name":"British Airways","iata":"BA","icao":"BAW"},"flight":{"number":"1442","iata":"BA1442","icao":"BAW1442","codeshared":null},"aircraft":null,"live":null},{"flight_date":"2020-12-26","flight_status":"scheduled","departure":{"airport":"Penang International","timezone":"Asia\/Kuala_Lumpur","iata":"PEN","icao":"WMKP","terminal":null,"gate":null,"delay":null,"scheduled":"2020-12-26T15:45:00+00:00","estimated":"2020-12-26T15:45:00+00:00","actual":null,"estimated_runway":null,"actual_runway":null},"arrival":{"airport":"Kuala Lumpur International Airport (klia)","timezone":"Asia\/Kuala_Lumpur","iata":"KUL","icao":"WMKK","terminal":"1","gate":null,"baggage":null,"delay":null,"scheduled":"2020-12-26T16:45:00+00:00","estimated":"2020-12-26T16:45:00+00:00","actual":null,"estimated_runway":null,"actual_runway":null},"airline":{"name":"British Airways","iata":"BA","icao":"BAW"},"flight":{"number":"7359","iata":"BA7359","icao":"BAW7359","codeshared":{"airline_name":"malaysia airlines","airline_iata":"mh","airline_icao":"mas","flight_number":"1149","flight_iata":"mh1149","flight_icao":"mas1149"}},"aircraft":null,"live":null},{"flight_date":"2020-12-26","flight_status":"cancelled","departure":{"airport":"Kuala Lumpur International Airport (klia)","timezone":"Asia\/Kuala_Lumpur","iata":"KUL","icao":"WMKK","terminal":"1","gate":null,"delay":null,"scheduled":"2020-12-26T17:45:00+00:00","estimated":"2020-12-26T17:45:00+00:00","actual":null,"estimated_runway":null,"actual_runway":null},"arrival":{"airport":"Sultan Ismail International","timezone":"Asia\/Kuala_Lumpur","iata":"JHB","icao":"WMKJ","terminal":null,"gate":null,"baggage":null,"delay":null,"scheduled":"2020-12-26T18:40:00+00:00","estimated":"2020-12-26T18:40:00+00:00","actual":null,"estimated_runway":null,"actual_runway":null},"airline":{"name":"British Airways","iata":"BA","icao":"BAW"},"flight":{"number":"7367","iata":"BA7367","icao":"BAW7367","codeshared":{"airline_name":"malaysia airlines","airline_iata":"mh","airline_icao":"mas","flight_number":"1057","flight_iata":"mh1057","flight_icao":"mas1057"}},"aircraft":null,"live":null},{"flight_date":"2020-12-26","flight_status":"cancelled","departure":{"airport":"Heathrow","timezone":"Europe\/London","iata":"LHR","icao":"EGLL","terminal":"5","gate":null,"delay":null,"scheduled":"2020-12-26T07:40:00+00:00","estimated":"2020-12-26T07:40:00+00:00","actual":null,"estimated_runway":null,"actual_runway":null},"arrival":{"airport":"Sandro Pertini (caselle)","timezone":"Europe\/Rome","iata":"TRN","icao":"LIMF","terminal":null,"gate":null,"baggage":null,"delay":null,"scheduled":"2020-12-26T10:35:00+00:00","estimated":"2020-12-26T10:35:00+00:00","actual":null,"estimated_runway":null,"actual_runway":null},"airline":{"name":"British Airways","iata":"BA","icao":"BAW"},"flight":{"number":"2574","iata":"BA2574","icao":"BAW2574","codeshared":null},"aircraft":null,"live":null},{"flight_date":"2020-12-26","flight_status":"scheduled","departure":{"airport":"Cape Town International","timezone":"Africa\/Johannesburg","iata":"CPT","icao":"FACT","terminal":null,"gate":"A12","delay":null,"scheduled":"2020-12-26T10:05:00+00:00","estimated":"2020-12-26T10:05:00+00:00","actual":null,"estimated_runway":null,"actual_runway":null},"arrival":{"airport":"Port Elizabeth","timezone":"Africa\/Johannesburg","iata":"PLZ","icao":"FAPE","terminal":null,"gate":"5","baggage":null,"delay":null,"scheduled":"2020-12-26T11:15:00+00:00","estimated":"2020-12-26T11:15:00+00:00","actual":null,"estimated_runway":null,"actual_runway":null},"airline":{"name":"British Airways","iata":"BA","icao":"BAW"},"flight":{"number":"6323","iata":"BA6323","icao":"BAW6323","codeshared":null},"aircraft":null,"live":null},{"flight_date":"2020-12-26","flight_status":"cancelled","departure":{"airport":"Heathrow","timezone":"Europe\/London","iata":"LHR","icao":"EGLL","terminal":"5","gate":null,"delay":null,"scheduled":"2020-12-26T07:45:00+00:00","estimated":"2020-12-26T07:45:00+00:00","actual":null,"estimated_runway":null,"actual_runway":null},"arrival":{"airport":"Sofia","timezone":"Europe\/Sofia","iata":"SOF","icao":"LBSF","terminal":"2","gate":null,"baggage":null,"delay":null,"scheduled":"2020-12-26T12:55:00+00:00","estimated":"2020-12-26T12:55:00+00:00","actual":null,"estimated_runway":null,"actual_runway":null},"airline":{"name":"British Airways","iata":"BA","icao":"BAW"},"flight":{"number":"890","iata":"BA890","icao":"BAW890","codeshared":null},"aircraft":null,"live":null},{"flight_date":"2020-12-26","flight_status":"scheduled","departure":{"airport":"Cape Town International","timezone":"Africa\/Johannesburg","iata":"CPT","icao":"FACT","terminal":null,"gate":"A8","delay":null,"scheduled":"2020-12-26T09:40:00+00:00","estimated":"2020-12-26T09:40:00+00:00","actual":null,"estimated_runway":null,"actual_runway":null},"arrival":{"airport":"Durban International","timezone":"Africa\/Johannesburg","iata":"DUR","icao":"FALE","terminal":"B","gate":"A8","baggage":"2","delay":null,"scheduled":"2020-12-26T11:40:00+00:00","estimated":"2020-12-26T11:40:00+00:00","actual":null,"estimated_runway":null,"actual_runway":null},"airline":{"name":"British Airways","iata":"BA","icao":"BAW"},"flight":{"number":"6315","iata":"BA6315","icao":"BAW6315","codeshared":null},"aircraft":null,"live":null},{"flight_date":"2020-12-26","flight_status":"scheduled","departure":{"airport":"Hong Kong International","timezone":"Asia\/Hong_Kong","iata":"HKG","icao":"VHHH","terminal":null,"gate":null,"delay":null,"scheduled":"2020-12-26T17:35:00+00:00","estimated":"2020-12-26T17:35:00+00:00","actual":null,"estimated_runway":null,"actual_runway":null},"arrival":{"airport":"Doha International","timezone":"Asia\/Qatar","iata":"DOH","icao":"OTHH","terminal":null,"gate":null,"baggage":null,"delay":null,"scheduled":"2020-12-26T21:40:00+00:00","estimated":"2020-12-26T21:40:00+00:00","actual":null,"estimated_runway":null,"actual_runway":null},"airline":{"name":"British Airways","iata":"BA","icao":"BAW"},"flight":{"number":"3316","iata":"BA3316","icao":"BAW3316","codeshared":null},"aircraft":null,"live":null},{"flight_date":"2020-12-26","flight_status":"scheduled","departure":{"airport":"Heathrow","timezone":"Europe\/London","iata":"LHR","icao":"EGLL","terminal":"5","gate":null,"delay":null,"scheduled":"2020-12-26T07:30:00+00:00","estimated":"2020-12-26T07:30:00+00:00","actual":null,"estimated_runway":null,"actual_runway":null},"arrival":{"airport":"Linate","timezone":"Europe\/Rome","iata":"LIN","icao":"LIML","terminal":null,"gate":null,"baggage":null,"delay":null,"scheduled":"2020-12-26T10:30:00+00:00","estimated":"2020-12-26T10:30:00+00:00","actual":null,"estimated_runway":null,"actual_runway":null},"airline":{"name":"British Airways","iata":"BA","icao":"BAW"},"flight":{"number":"564","iata":"BA564","icao":"BAW564","codeshared":null},"aircraft":null,"live":null},{"flight_date":"2020-12-26","flight_status":"scheduled","departure":{"airport":"Heathrow","timezone":"Europe\/London","iata":"LHR","icao":"EGLL","terminal":"5","gate":null,"delay":null,"scheduled":"2020-12-26T07:30:00+00:00","estimated":"2020-12-26T07:30:00+00:00","actual":null,"estimated_runway":null,"actual_runway":null},"arrival":{"airport":"Pablo Ruiz Picasso","timezone":"Europe\/Madrid","iata":"AGP","icao":"LEMG","terminal":null,"gate":null,"baggage":"37","delay":null,"scheduled":"2020-12-26T11:25:00+00:00","estimated":"2020-12-26T11:25:00+00:00","actual":null,"estimated_runway":null,"actual_runway":null},"airline":{"name":"British Airways","iata":"BA","icao":"BAW"},"flight":{"number":"2712","iata":"BA2712","icao":"BAW2712","codeshared":null},"aircraft":null,"live":null},{"flight_date":"2020-12-26","flight_status":"scheduled","departure":{"airport":"Heathrow","timezone":"Europe\/London","iata":"LHR","icao":"EGLL","terminal":"5","gate":null,"delay":null,"scheduled":"2020-12-26T08:15:00+00:00","estimated":"2020-12-26T08:15:00+00:00","actual":null,"estimated_runway":null,"actual_runway":null},"arrival":{"airport":"Doha International","timezone":"Asia\/Qatar","iata":"DOH","icao":"OTHH","terminal":null,"gate":null,"baggage":"5","delay":null,"scheduled":"2020-12-26T18:00:00+00:00","estimated":"2020-12-26T18:00:00+00:00","actual":null,"estimated_runway":null,"actual_runway":null},"airline":{"name":"British Airways","iata":"BA","icao":"BAW"},"flight":{"number":"7010","iata":"BA7010","icao":"BAW7010","codeshared":{"airline_name":"qatar airways","airline_iata":"qr","airline_icao":"qtr","flight_number":"10","flight_iata":"qr10","flight_icao":"qtr10"}},"aircraft":null,"live":null},{"flight_date":"2020-12-26","flight_status":"scheduled","departure":{"airport":"Heathrow","timezone":"Europe\/London","iata":"LHR","icao":"EGLL","terminal":"5","gate":null,"delay":null,"scheduled":"2020-12-26T07:35:00+00:00","estimated":"2020-12-26T07:35:00+00:00","actual":null,"estimated_runway":null,"actual_runway":null},"arrival":{"airport":"Barajas","timezone":"Europe\/Madrid","iata":"MAD","icao":"LEMD","terminal":"4S","gate":null,"baggage":null,"delay":null,"scheduled":"2020-12-26T11:05:00+00:00","estimated":"2020-12-26T11:05:00+00:00","actual":null,"estimated_runway":null,"actual_runway":null},"airline":{"name":"British Airways","iata":"BA","icao":"BAW"},"flight":{"number":"458","iata":"BA458","icao":"BAW458","codeshared":null},"aircraft":null,"live":null},{"flight_date":"2020-12-26","flight_status":"scheduled","departure":{"airport":"Heathrow","timezone":"Europe\/London","iata":"LHR","icao":"EGLL","terminal":"5","gate":null,"delay":null,"scheduled":"2020-12-26T07:50:00+00:00","estimated":"2020-12-26T07:50:00+00:00","actual":null,"estimated_runway":null,"actual_runway":null},"arrival":{"airport":"Athens International Airport \u0022Eleftherios Venizelos\u0022","timezone":"Europe\/Athens","iata":"ATH","icao":"LGAV","terminal":null,"gate":null,"baggage":null,"delay":null,"scheduled":"2020-12-26T13:30:00+00:00","estimated":"2020-12-26T13:30:00+00:00","actual":null,"estimated_runway":null,"actual_runway":null},"airline":{"name":"British Airways","iata":"BA","icao":"BAW"},"flight":{"number":"640","iata":"BA640","icao":"BAW640","codeshared":null},"aircraft":null,"live":null},{"flight_date":"2020-12-26","flight_status":"cancelled","departure":{"airport":"Heathrow","timezone":"Europe\/London","iata":"LHR","icao":"EGLL","terminal":"5","gate":null,"delay":null,"scheduled":"2020-12-26T07:55:00+00:00","estimated":"2020-12-26T07:55:00+00:00","actual":null,"estimated_runway":null,"actual_runway":null},"arrival":{"airport":"Landvetter","timezone":"Europe\/Stockholm","iata":"GOT","icao":"ESGG","terminal":"T1","gate":null,"baggage":null,"delay":null,"scheduled":"2020-12-26T10:50:00+00:00","estimated":"2020-12-26T10:50:00+00:00","actual":null,"estimated_runway":null,"actual_runway":null},"airline":{"name":"British Airways","iata":"BA","icao":"BAW"},"flight":{"number":"790","iata":"BA790","icao":"BAW790","codeshared":null},"aircraft":null,"live":null},{"flight_date":"2020-12-26","flight_status":"scheduled","departure":{"airport":"Heathrow","timezone":"Europe\/London","iata":"LHR","icao":"EGLL","terminal":"5","gate":null,"delay":null,"scheduled":"2020-12-26T07:55:00+00:00","estimated":"2020-12-26T07:55:00+00:00","actual":null,"estimated_runway":null,"actual_runway":null},"arrival":{"airport":"Edinburgh","timezone":"Europe\/London","iata":"EDI","icao":"EGPH","terminal":null,"gate":null,"baggage":"10","delay":null,"scheduled":"2020-12-26T09:15:00+00:00","estimated":"2020-12-26T09:15:00+00:00","actual":null,"estimated_runway":null,"actual_runway":null},"airline":{"name":"British Airways","iata":"BA","icao":"BAW"},"flight":{"number":"1434","iata":"BA1434","icao":"BAW1434","codeshared":null},"aircraft":null,"live":null},{"flight_date":"2020-12-26","flight_status":"cancelled","departure":{"airport":"Heathrow","timezone":"Europe\/London","iata":"LHR","icao":"EGLL","terminal":"5","gate":null,"delay":null,"scheduled":"2020-12-26T08:05:00+00:00","estimated":"2020-12-26T08:05:00+00:00","actual":null,"estimated_runway":null,"actual_runway":null},"arrival":{"airport":"Hanover Airport","timezone":"Europe\/Berlin","iata":"HAJ","icao":"EDDV","terminal":"C","gate":null,"baggage":null,"delay":null,"scheduled":"2020-12-26T10:35:00+00:00","estimated":"2020-12-26T10:35:00+00:00","actual":null,"estimated_runway":null,"actual_runway":null},"airline":{"name":"British Airways","iata":"BA","icao":"BAW"},"flight":{"number":"976","iata":"BA976","icao":"BAW976","codeshared":null},"aircraft":null,"live":null},{"flight_date":"2020-12-26","flight_status":"cancelled","departure":{"airport":"Heathrow","timezone":"Europe\/London","iata":"LHR","icao":"EGLL","terminal":"5","gate":null,"delay":null,"scheduled":"2020-12-26T08:05:00+00:00","estimated":"2020-12-26T08:05:00+00:00","actual":null,"estimated_runway":null,"actual_runway":null},"arrival":{"airport":"Jersey","timezone":"Europe\/Jersey","iata":"JER","icao":"EGJJ","terminal":null,"gate":null,"baggage":null,"delay":null,"scheduled":"2020-12-26T09:10:00+00:00","estimated":"2020-12-26T09:10:00+00:00","actual":null,"estimated_runway":null,"actual_runway":null},"airline":{"name":"British Airways","iata":"BA","icao":"BAW"},"flight":{"number":"2770","iata":"BA2770","icao":"BAW2770","codeshared":null},"aircraft":null,"live":null},{"flight_date":"2020-12-26","flight_status":"scheduled","departure":{"airport":"Chertovitskoye","timezone":"Europe\/Moscow","iata":"VOZ","icao":"UUOO","terminal":null,"gate":null,"delay":15,"scheduled":"2020-12-26T10:15:00+00:00","estimated":"2020-12-26T10:15:00+00:00","actual":null,"estimated_runway":null,"actual_runway":null},"arrival":{"airport":"Domodedovo","timezone":"Europe\/Moscow","iata":"DME","icao":"UUDD","terminal":null,"gate":null,"baggage":null,"delay":null,"scheduled":"2020-12-26T11:25:00+00:00","estimated":"2020-12-26T11:25:00+00:00","actual":null,"estimated_runway":null,"actual_runway":null},"airline":{"name":"British Airways","iata":"BA","icao":"BAW"},"flight":{"number":"8796","iata":"BA8796","icao":"BAW8796","codeshared":{"airline_name":"s7 airlines","airline_iata":"s7","airline_icao":"sbi","flight_number":"1114","flight_iata":"s71114","flight_icao":"sbi1114"}},"aircraft":null,"live":null},{"flight_date":"2020-12-26","flight_status":"scheduled","departure":{"airport":"Mc Carran International","timezone":"America\/Los_Angeles","iata":"LAS","icao":"KLAS","terminal":"1","gate":"D10","delay":17,"scheduled":"2020-12-26T01:02:00+00:00","estimated":"2020-12-26T01:02:00+00:00","actual":null,"estimated_runway":null,"actual_runway":null},"arrival":{"airport":"Miami International Airport","timezone":"America\/New_York","iata":"MIA","icao":"KMIA","terminal":"N","gate":"D41","baggage":"24","delay":null,"scheduled":"2020-12-26T08:39:00+00:00","estimated":"2020-12-26T08:39:00+00:00","actual":null,"estimated_runway":null,"actual_runway":null},"airline":{"name":"British Airways","iata":"BA","icao":"BAW"},"flight":{"number":"5330","iata":"BA5330","icao":"BAW5330","codeshared":{"airline_name":"american airlines","airline_iata":"aa","airline_icao":"aal","flight_number":"687","flight_iata":"aa687","flight_icao":"aal687"}},"aircraft":null,"live":null}]}