{"pagination":{"limit":25,"offset":0,"count":25,"total":1631},"data":[{"flight_date":"2020-12-26","flight_status":"scheduled","departure":{"airport":"Orly","timezone":"Europe\/Paris","iata":"ORY","icao":"LFPO","terminal":"1","gate":"B19","delay":null,"scheduled":"2020-12-26T09:00:00+00:00","estimated":"2020-12-26T09:00:00+00:00","actual":null,"estimated_runway":null,"actual_runway":null},"arrival":{"airport":"Le Palyvestre","timezone":"Europe\/Paris","iata":"TLN","icao":"LFTH","terminal":null,"gate":null,"baggage":null,"delay":null,"scheduled":"2020-12-26T10:30:00+00:00","estimated":"2020-12-26T10:30:00+00:00","actual":null,"estimated_runway":null,"actual_runway":null},"airline":{"name":"Air France","iata":"AF","icao":"AFR"},"flight":{"number":"7500","iata":"AF7500","icao":"AFR7500","codeshared":null},"aircraft":null,"live":null},{"flight_date":"2020-12-26","flight_status":"scheduled","departure":{"airport":"Charles De Gaulle","timezone":"Europe\/Paris","iata":"CDG","icao":"LFPG","terminal":"2F","gate":"F31","delay":null,"scheduled":"2020-12-26T09:20:00+00:00","estimated":"2020-12-26T09:20:00+00:00","actual":null,"estimated_runway":null,"actual_runway":null},"arrival":{"airport":"Athens International Airport \u0022Eleftherios Venizelos\u0022","timezone":"Europe\/Athens","iata":"ATH","icao":"LGAV","terminal":null,"gate":null,"baggage":null,"delay":null,"scheduled":"2020-12-26T13:35:00+00:00","estimated":"2020-12-26T13:35:00+00:00","actual":null,"estimated_runway":null,"actual_runway":null},"airline":{"name":"Air France","iata":"AF","icao":"AFR"},"flight":{"number":"1532","iata":"AF1532","icao":"AFR1532","codeshared":null},"aircraft":null,"live":null},{"flight_date":"2020-12-26","flight_status":"scheduled","departure":{"airport":"Mal\u00e9 International Airport","timezone":"Indian\/Maldives","iata":"MLE","icao":"VRMM","terminal":null,"gate":null,"delay":null,"scheduled":"2020-12-26T12:50:00+00:00","estimated":"2020-12-26T12:50:00+00:00","actual":null,"estimated_runway":null,"actual_runway":null},"arrival":{"airport":"Charles De Gaulle","timezone":"Europe\/Paris","iata":"CDG","icao":"LFPG","terminal":"2E","gate":null,"baggage":"33","delay":null,"scheduled":"2020-12-26T19:45:00+00:00","estimated":"2020-12-26T19:45:00+00:00","actual":null,"estimated_runway":null,"actual_runway":null},"airline":{"name":"Air France","iata":"AF","icao":"AFR"},"flight":{"number":"223","iata":"AF223","icao":"AFR223","codeshared":null},"aircraft":null,"live":null},{"flight_date":"2020-12-26","flight_status":"scheduled","departure":{"airport":"Orly","timezone":"Europe\/Paris","iata":"ORY","icao":"LFPO","terminal":"1","gate":"B21","delay":null,"scheduled":"2020-12-26T08:15:00+00:00","estimated":"2020-12-26T08:15:00+00:00","actual":null,"estimated_runway":null,"actual_runway":null},"arrival":{"airport":"Cote D\u0027azur International Airport","timezone":"Europe\/Paris","iata":"NCE","icao":"LFMN","terminal":"2","gate":null,"baggage":null,"delay":null,"scheduled":"2020-12-26T09:40:00+00:00","estimated":"2020-12-26T09:40:00+00:00","actual":null,"estimated_runway":null,"actual_runway":null},"airline":{"name":"Air France","iata":"AF","icao":"AFR"},"flight":{"number":"6204","iata":"AF6204","icao":"AFR6204","codeshared":null},"aircraft":null,"live":null},{"flight_date":"2020-12-26","flight_status":"scheduled","departure":{"airport":"Charles De Gaulle","timezone":"Europe\/Paris","iata":"CDG","icao":"LFPG","terminal":"2F","gate":"F21","delay":null,"scheduled":"2020-12-26T09:20:00+00:00","estimated":"2020-12-26T09:20:00+00:00","actual":null,"estimated_runway":null,"actual_runway":null},"arrival":{"airport":"Hamburg Airport","timezone":"Europe\/Berlin","iata":"HAM","icao":"EDDH","terminal":"1","gate":null,"baggage":"3","delay":null,"scheduled":"2020-12-26T11:00:00+00:00","estimated":"2020-12-26T11:00:00+00:00","actual":null,"estimated_runway":null,"actual_runway":null},"airline":{"name":"Air France","iata":"AF","icao":"AFR"},"flight":{"number":"1410","iata":"AF1410","icao":"AFR1410","codeshared":null},"aircraft":null,"live":null},{"flight_date":"2020-12-26","flight_status":"scheduled","departure":{"airport":"Orly","timezone":"Europe\/Paris","iata":"ORY","icao":"LFPO","terminal":"3","gate":"E20","delay":null,"scheduled":"2020-12-26T09:25:00+00:00","estimated":"2020-12-26T09:25:00+00:00","actual":null,"estimated_runway":null,"actual_runway":null},"arrival":{"airport":"Campo Dell Oro","timezone":"Europe\/Paris","iata":"AJA","icao":"LFKJ","terminal":"2","gate":null,"baggage":null,"delay":null,"scheduled":"2020-12-26T11:00:00+00:00","estimated":"2020-12-26T11:00:00+00:00","actual":null,"estimated_runway":null,"actual_runway":null},"airline":{"name":"Air France","iata":"AF","icao":"AFR"},"flight":{"number":"4453","iata":"AF4453","icao":"AFR4453","codeshared":{"airline_name":"air corsica","airline_iata":"xk","airline_icao":"ccm","flight_number":"771","flight_iata":"xk771","flight_icao":"ccm771"}},"aircraft":null,"live":null},{"flight_date":"2020-12-26","flight_status":"scheduled","departure":{"airport":"Orly","timezone":"Europe\/Paris","iata":"ORY","icao":"LFPO","terminal":"1","gate":"B15","delay":null,"scheduled":"2020-12-26T09:00:00+00:00","estimated":"2020-12-26T09:00:00+00:00","actual":null,"estimated_runway":null,"actual_runway":null},"arrival":{"airport":"Cote D\u0027azur International Airport","timezone":"Europe\/Paris","iata":"NCE","icao":"LFMN","terminal":"2","gate":null,"baggage":null,"delay":null,"scheduled":"2020-12-26T10:25:00+00:00","estimated":"2020-12-26T10:25:00+00:00","actual":null,"estimated_runway":null,"actual_runway":null},"airline":{"name":"Air France","iata":"AF","icao":"AFR"},"flight":{"number":"6206","iata":"AF6206","icao":"AFR6206","codeshared":null},"aircraft":null,"live":null},{"flight_date":"2020-12-26","flight_status":"scheduled","departure":{"airport":"Marseille Provence Airport","timezone":"Europe\/Paris","iata":"MRS","icao":"LFML","terminal":"1B","gate":null,"delay":null,"scheduled":"2020-12-26T10:10:00+00:00","estimated":"2020-12-26T10:10:00+00:00","actual":null,"estimated_runway":null,"actual_runway":null},"arrival":{"airport":"St Jacques","timezone":"Europe\/Paris","iata":"RNS","icao":"LFRN","terminal":null,"gate":null,"baggage":null,"delay":null,"scheduled":"2020-12-26T11:45:00+00:00","estimated":"2020-12-26T11:45:00+00:00","actual":null,"estimated_runway":null,"actual_runway":null},"airline":{"name":"Air France","iata":"AF","icao":"AFR"},"flight":{"number":"1201","iata":"AF1201","icao":"AFR1201","codeshared":null},"aircraft":null,"live":null},{"flight_date":"2020-12-26","flight_status":"scheduled","departure":{"airport":"Marseille Provence Airport","timezone":"Europe\/Paris","iata":"MRS","icao":"LFML","terminal":"1B","gate":null,"delay":null,"scheduled":"2020-12-26T08:25:00+00:00","estimated":"2020-12-26T08:25:00+00:00","actual":null,"estimated_runway":null,"actual_runway":null},"arrival":{"airport":"St-Exup\u00e9ry","timezone":"Europe\/Paris","iata":"LYS","icao":"LFLL","terminal":"2","gate":"AT2","baggage":"2A2","delay":null,"scheduled":"2020-12-26T09:20:00+00:00","estimated":"2020-12-26T09:20:00+00:00","actual":null,"estimated_runway":null,"actual_runway":null},"airline":{"name":"Air France","iata":"AF","icao":"AFR"},"flight":{"number":"1539","iata":"AF1539","icao":"AFR1539","codeshared":null},"aircraft":null,"live":null},{"flight_date":"2020-12-26","flight_status":"scheduled","departure":{"airport":"Marseille Provence Airport","timezone":"Europe\/Paris","iata":"MRS","icao":"LFML","terminal":"1B","gate":null,"delay":null,"scheduled":"2020-12-26T09:00:00+00:00","estimated":"2020-12-26T09:00:00+00:00","actual":null,"estimated_runway":null,"actual_runway":null},"arrival":{"airport":"Ste Catherine","timezone":"Europe\/Paris","iata":"CLY","icao":"LFKC","terminal":null,"gate":null,"baggage":null,"delay":null,"scheduled":"2020-12-26T10:00:00+00:00","estimated":"2020-12-26T10:00:00+00:00","actual":null,"estimated_runway":null,"actual_runway":null},"airline":{"name":"Air France","iata":"AF","icao":"AFR"},"flight":{"number":"4718","iata":"AF4718","icao":"AFR4718","codeshared":{"airline_name":"air corsica","airline_iata":"xk","airline_icao":"ccm","flight_number":"351","flight_iata":"xk351","flight_icao":"ccm351"}},"aircraft":null,"live":null},{"flight_date":"2020-12-26","flight_status":"scheduled","departure":{"airport":"Blagnac","timezone":"Europe\/Paris","iata":"TLS","icao":"LFBO","terminal":null,"gate":"HD","delay":null,"scheduled":"2020-12-26T08:20:00+00:00","estimated":"2020-12-26T08:20:00+00:00","actual":null,"estimated_runway":null,"actual_runway":null},"arrival":{"airport":"St-Exup\u00e9ry","timezone":"Europe\/Paris","iata":"LYS","icao":"LFLL","terminal":"2","gate":null,"baggage":"2A3","delay":null,"scheduled":"2020-12-26T09:20:00+00:00","estimated":"2020-12-26T09:20:00+00:00","actual":null,"estimated_runway":null,"actual_runway":null},"airline":{"name":"Air France","iata":"AF","icao":"AFR"},"flight":{"number":"1713","iata":"AF1713","icao":"AFR1713","codeshared":null},"aircraft":null,"live":null},{"flight_date":"2020-12-26","flight_status":"scheduled","departure":{"airport":"Blagnac","timezone":"Europe\/Paris","iata":"TLS","icao":"LFBO","terminal":null,"gate":"HD","delay":null,"scheduled":"2020-12-26T08:50:00+00:00","estimated":"2020-12-26T08:50:00+00:00","actual":null,"estimated_runway":null,"actual_runway":null},"arrival":{"airport":"Lesquin","timezone":"Europe\/Paris","iata":"LIL","icao":"LFQQ","terminal":null,"gate":null,"baggage":null,"delay":null,"scheduled":"2020-12-26T10:25:00+00:00","estimated":"2020-12-26T10:25:00+00:00","actual":null,"estimated_runway":null,"actual_runway":null},"airline":{"name":"Air France","iata":"AF","icao":"AFR"},"flight":{"number":"1399","iata":"AF1399","icao":"AFR1399","codeshared":null},"aircraft":null,"live":null},{"flight_date":"2020-12-26","flight_status":"scheduled","departure":{"airport":"Jomo Kenyatta International","timezone":"Africa\/Nairobi","iata":"NBO","icao":"HKJK","terminal":"1D","gate":null,"delay":null,"scheduled":"2020-12-26T10:20:00+00:00","estimated":"2020-12-26T10:20:00+00:00","actual":null,"estimated_runway":null,"actual_runway":null},"arrival":{"airport":"Moi International","timezone":"Africa\/Nairobi","iata":"MBA","icao":"HKMO","terminal":"1","gate":null,"baggage":null,"delay":null,"scheduled":"2020-12-26T11:20:00+00:00","estimated":"2020-12-26T11:20:00+00:00","actual":null,"estimated_runway":null,"actual_runway":null},"airline":{"name":"Air France","iata":"AF","icao":"AFR"},"flight":{"number":"8064","iata":"AF8064","icao":"AFR8064","codeshared":{"airline_name":"kenya airways","airline_iata":"kq","airline_icao":"kqa","flight_number":"604","flight_iata":"kq604","flight_icao":"kqa604"}},"aircraft":null,"live":null},{"flight_date":"2020-12-26","flight_status":"scheduled","departure":{"airport":"Entzheim","timezone":"Europe\/Paris","iata":"SXB","icao":"LFST","terminal":null,"gate":"B","delay":null,"scheduled":"2020-12-26T08:15:00+00:00","estimated":"2020-12-26T08:15:00+00:00","actual":null,"estimated_runway":null,"actual_runway":null},"arrival":{"airport":"St-Exup\u00e9ry","timezone":"Europe\/Paris","iata":"LYS","icao":"LFLL","terminal":"2","gate":"AT2","baggage":"2A1","delay":null,"scheduled":"2020-12-26T09:20:00+00:00","estimated":"2020-12-26T09:20:00+00:00","actual":null,"estimated_runway":null,"actual_runway":null},"airline":{"name":"Air France","iata":"AF","icao":"AFR"},"flight":{"number":"1689","iata":"AF1689","icao":"AFR1689","codeshared":null},"aircraft":null,"live":null},{"flight_date":"2020-12-26","flight_status":"scheduled","departure":{"airport":"Charles De Gaulle","timezone":"Europe\/Paris","iata":"CDG","icao":"LFPG","terminal":"2F","gate":"F47","delay":null,"scheduled":"2020-12-26T09:50:00+00:00","estimated":"2020-12-26T09:50:00+00:00","actual":null,"estimated_runway":null,"actual_runway":null},"arrival":{"airport":"Blagnac","timezone":"Europe\/Paris","iata":"TLS","icao":"LFBO","terminal":null,"gate":"04","baggage":"BELT","delay":null,"scheduled":"2020-12-26T11:10:00+00:00","estimated":"2020-12-26T11:10:00+00:00","actual":null,"estimated_runway":null,"actual_runway":null},"airline":{"name":"Air France","iata":"AF","icao":"AFR"},"flight":{"number":"7518","iata":"AF7518","icao":"AFR7518","codeshared":null},"aircraft":null,"live":null},{"flight_date":"2020-12-26","flight_status":"scheduled","departure":{"airport":"Orly","timezone":"Europe\/Paris","iata":"ORY","icao":"LFPO","terminal":"1","gate":"B16","delay":null,"scheduled":"2020-12-26T09:15:00+00:00","estimated":"2020-12-26T09:15:00+00:00","actual":null,"estimated_runway":null,"actual_runway":null},"arrival":{"airport":"Cote D\u0027azur International Airport","timezone":"Europe\/Paris","iata":"NCE","icao":"LFMN","terminal":"2","gate":null,"baggage":null,"delay":null,"scheduled":"2020-12-26T10:40:00+00:00","estimated":"2020-12-26T10:40:00+00:00","actual":null,"estimated_runway":null,"actual_runway":null},"airline":{"name":"Air France","iata":"AF","icao":"AFR"},"flight":{"number":"6208","iata":"AF6208","icao":"AFR6208","codeshared":null},"aircraft":null,"live":null},{"flight_date":"2020-12-26","flight_status":"scheduled","departure":{"airport":"Nagasaki","timezone":"Asia\/Tokyo","iata":"NGS","icao":"RJFU","terminal":null,"gate":"2","delay":null,"scheduled":"2020-12-26T17:00:00+00:00","estimated":"2020-12-26T17:00:00+00:00","actual":null,"estimated_runway":null,"actual_runway":null},"arrival":{"airport":"Haneda Airport","timezone":"Asia\/Tokyo","iata":"HND","icao":"RJTT","terminal":"1","gate":null,"baggage":null,"delay":null,"scheduled":"2020-12-26T18:35:00+00:00","estimated":"2020-12-26T18:35:00+00:00","actual":null,"estimated_runway":null,"actual_runway":null},"airline":{"name":"Air France","iata":"AF","icao":"AFR"},"flight":{"number":"8027","iata":"AF8027","icao":"AFR8027","codeshared":{"airline_name":"jal","airline_iata":"jl","airline_icao":"jal","flight_number":"614","flight_iata":"jl614","flight_icao":"jal614"}},"aircraft":null,"live":null},{"flight_date":"2020-12-26","flight_status":"scheduled","departure":{"airport":"Charles De Gaulle","timezone":"Europe\/Paris","iata":"CDG","icao":"LFPG","terminal":"2F","gate":"F30","delay":null,"scheduled":"2020-12-26T08:25:00+00:00","estimated":"2020-12-26T08:25:00+00:00","actual":null,"estimated_runway":null,"actual_runway":null},"arrival":{"airport":"Milano Malpensa","timezone":"Europe\/Rome","iata":"MXP","icao":"LIMC","terminal":"1","gate":null,"baggage":null,"delay":null,"scheduled":"2020-12-26T09:55:00+00:00","estimated":"2020-12-26T09:55:00+00:00","actual":null,"estimated_runway":null,"actual_runway":null},"airline":{"name":"Air France","iata":"AF","icao":"AFR"},"flight":{"number":"1830","iata":"AF1830","icao":"AFR1830","codeshared":null},"aircraft":null,"live":null},{"flight_date":"2020-12-26","flight_status":"scheduled","departure":{"airport":"Charles De Gaulle","timezone":"Europe\/Paris","iata":"CDG","icao":"LFPG","terminal":"2F","gate":"F05","delay":null,"scheduled":"2020-12-26T08:30:00+00:00","estimated":"2020-12-26T08:30:00+00:00","actual":null,"estimated_runway":null,"actual_runway":null},"arrival":{"airport":"Geneve-cointrin","timezone":"Europe\/Zurich","iata":"GVA","icao":"LSGG","terminal":"1","gate":null,"baggage":"2","delay":null,"scheduled":"2020-12-26T09:40:00+00:00","estimated":"2020-12-26T09:40:00+00:00","actual":null,"estimated_runway":null,"actual_runway":null},"airline":{"name":"Air France","iata":"AF","icao":"AFR"},"flight":{"number":"1642","iata":"AF1642","icao":"AFR1642","codeshared":null},"aircraft":null,"live":null},{"flight_date":"2020-12-26","flight_status":"scheduled","departure":{"airport":"Charles De Gaulle","timezone":"Europe\/Paris","iata":"CDG","icao":"LFPG","terminal":"2E","gate":"K45","delay":null,"scheduled":"2020-12-26T09:05:00+00:00","estimated":"2020-12-26T09:05:00+00:00","actual":null,"estimated_runway":null,"actual_runway":null},"arrival":{"airport":"Maya Maya","timezone":"Africa\/Brazzaville","iata":"BZV","icao":"FCBB","terminal":null,"gate":null,"baggage":null,"delay":null,"scheduled":"2020-12-26T17:00:00+00:00","estimated":"2020-12-26T17:00:00+00:00","actual":null,"estimated_runway":null,"actual_runway":null},"airline":{"name":"Air France","iata":"AF","icao":"AFR"},"flight":{"number":"722","iata":"AF722","icao":"AFR722","codeshared":null},"aircraft":null,"live":null},{"flight_date":"2020-12-26","flight_status":"scheduled","departure":{"airport":"Schiphol","timezone":"Europe\/Amsterdam","iata":"AMS","icao":"EHAM","terminal":"1","gate":"9,10","delay":null,"scheduled":"2020-12-26T08:50:00+00:00","estimated":"2020-12-26T08:50:00+00:00","actual":null,"estimated_runway":null,"actual_runway":null},"arrival":{"airport":"Entzheim","timezone":"Europe\/Paris","iata":"SXB","icao":"LFST","terminal":"2","gate":"1","baggage":"1","delay":null,"scheduled":"2020-12-26T10:00:00+00:00","estimated":"2020-12-26T10:00:00+00:00","actual":null,"estimated_runway":null,"actual_runway":null},"airline":{"name":"Air France","iata":"AF","icao":"AFR"},"flight":{"number":"1237","iata":"AF1237","icao":"AFR1237","codeshared":null},"aircraft":null,"live":null},{"flight_date":"2020-12-26","flight_status":"scheduled","departure":{"airport":"Orly","timezone":"Europe\/Paris","iata":"ORY","icao":"LFPO","terminal":"1","gate":"B21","delay":null,"scheduled":"2020-12-26T09:30:00+00:00","estimated":"2020-12-26T09:30:00+00:00","actual":null,"estimated_runway":null,"actual_runway":null},"arrival":{"airport":"Ste Catherine","timezone":"Europe\/Paris","iata":"CLY","icao":"LFKC","terminal":null,"gate":null,"baggage":null,"delay":null,"scheduled":"2020-12-26T11:05:00+00:00","estimated":"2020-12-26T11:05:00+00:00","actual":null,"estimated_runway":null,"actual_runway":null},"airline":{"name":"Air France","iata":"AF","icao":"AFR"},"flight":{"number":"7570","iata":"AF7570","icao":"AFR7570","codeshared":null},"aircraft":null,"live":null},{"flight_date":"2020-12-26","flight_status":"scheduled","departure":{"airport":"Orly","timezone":"Europe\/Paris","iata":"ORY","icao":"LFPO","terminal":"1","gate":"B17","delay":null,"scheduled":"2020-12-26T09:50:00+00:00","estimated":"2020-12-26T09:50:00+00:00","actual":null,"estimated_runway":null,"actual_runway":null},"arrival":{"airport":"Brest Lesquin","timezone":"Europe\/Paris","iata":"BES","icao":"LFRB","terminal":null,"gate":null,"baggage":null,"delay":null,"scheduled":"2020-12-26T11:00:00+00:00","estimated":"2020-12-26T11:00:00+00:00","actual":null,"estimated_runway":null,"actual_runway":null},"airline":{"name":"Air France","iata":"AF","icao":"AFR"},"flight":{"number":"7362","iata":"AF7362","icao":"AFR7362","codeshared":null},"aircraft":null,"live":null},{"flight_date":"2020-12-26","flight_status":"scheduled","departure":{"airport":"Orly","timezone":"Europe\/Paris","iata":"ORY","icao":"LFPO","terminal":"1","gate":"B18","delay":null,"scheduled":"2020-12-26T09:50:00+00:00","estimated":"2020-12-26T09:50:00+00:00","actual":null,"estimated_runway":null,"actual_runway":null},"arrival":{"airport":"Montpellier M\u00e9diterran\u00e9e","timezone":"Europe\/Paris","iata":"MPL","icao":"LFMT","terminal":null,"gate":null,"baggage":null,"delay":null,"scheduled":"2020-12-26T11:05:00+00:00","estimated":"2020-12-26T11:05:00+00:00","actual":null,"estimated_runway":null,"actual_runway":null},"airline":{"name":"Air France","iata":"AF","icao":"AFR"},"flight":{"number":"7540","iata":"AF7540","icao":"AFR7540","codeshared":null},"aircraft":null,"live":null},{"flight_date":"2020-12-26","flight_status":"scheduled","departure":{"airport":"Orly","timezone":"Europe\/Paris","iata":"ORY","icao":"LFPO","terminal":"1","gate":"B14","delay":null,"scheduled":"2020-12-26T10:00:00+00:00","estimated":"2020-12-26T10:00:00+00:00","actual":null,"estimated_runway":null,"actual_runway":null},"arrival":{"airport":"Blagnac","timezone":"Europe\/Paris","iata":"TLS","icao":"LFBO","terminal":null,"gate":"04","baggage":"5","delay":null,"scheduled":"2020-12-26T11:10:00+00:00","estimated":"2020-12-26T11:10:00+00:00","actual":null,"estimated_runway":null,"actual_runway":null},"airline":{"name":"Air France","iata":"AF","icao":"AFR"},"flight":{"number":"6112","iata":"AF6112","icao":"AFR6112","codeshared":null},"aircraft":null,"live":null}]}