{"pagination":{"limit":25,"offset":0,"count":25,"total":3386},"data":[{"flight_date":"2020-12-26","flight_status":"cancelled","departure":{"airport":"Dalian","timezone":"Asia\/Shanghai","iata":"DLC","icao":"ZYTL","terminal":null,"gate":null,"delay":null,"scheduled":"2020-12-26T15:50:00+00:00","estimated":"2020-12-26T15:50:00+00:00","actual":null,"estimated_runway":null,"actual_runway":null},"arrival":{"airport":"Shanghai Pudong International","timezone":"Asia\/Shanghai","iata":"PVG","icao":"ZSPD","terminal":"2","gate":null,"baggage":null,"delay":null,"scheduled":"2020-12-26T17:45:00+00:00","estimated":"2020-12-26T17:45:00+00:00","actual":null,"estimated_runway":null,"actual_runway":null},"airline":{"name":"Delta Air Lines","iata":"DL","icao":"DAL"},"flight":{"number":"7842","iata":"DL7842","icao":"DAL7842","codeshared":{"airline_name":"china southern airlines","airline_iata":"cz","airline_icao":"csn","flight_number":"6535","flight_iata":"cz6535","flight_icao":"csn6535"}},"aircraft":null,"live":null},{"flight_date":"2020-12-26","flight_status":"scheduled","departure":{"airport":"M\u00e9rignac","timezone":"Europe\/Paris","iata":"BOD","icao":"LFBD","terminal":"B","gate":"20","delay":null,"scheduled":"2020-12-26T10:20:00+00:00","estimated":"2020-12-26T10:20:00+00:00","actual":null,"estimated_runway":null,"actual_runway":null},"arrival":{"airport":"Charles De Gaulle","timezone":"Europe\/Paris","iata":"CDG","icao":"LFPG","terminal":"2F","gate":null,"baggage":"21","delay":null,"scheduled":"2020-12-26T11:40:00+00:00","estimated":"2020-12-26T11:40:00+00:00","actual":null,"estimated_runway":null,"actual_runway":null},"airline":{"name":"Delta Air Lines","iata":"DL","icao":"DAL"},"flight":{"number":"8325","iata":"DL8325","icao":"DAL8325","codeshared":{"airline_name":"air france","airline_iata":"af","airline_icao":"afr","flight_number":"7625","flight_iata":"af7625","flight_icao":"afr7625"}},"aircraft":null,"live":null},{"flight_date":"2020-12-26","flight_status":"scheduled","departure":{"airport":"Mohamed V","timezone":"Africa\/Casablanca","iata":"CMN","icao":"GMMN","terminal":"2","gate":"A05","delay":null,"scheduled":"2020-12-26T08:10:00+00:00","estimated":"2020-12-26T08:10:00+00:00","actual":null,"estimated_runway":null,"actual_runway":null},"arrival":{"airport":"Charles De Gaulle","timezone":"Europe\/Paris","iata":"CDG","icao":"LFPG","terminal":"2E","gate":null,"baggage":"32","delay":null,"scheduled":"2020-12-26T11:25:00+00:00","estimated":"2020-12-26T11:25:00+00:00","actual":null,"estimated_runway":null,"actual_runway":null},"airline":{"name":"Delta Air Lines","iata":"DL","icao":"DAL"},"flight":{"number":"8592","iata":"DL8592","icao":"DAL8592","codeshared":{"airline_name":"air france","airline_iata":"af","airline_icao":"afr","flight_number":"1497","flight_iata":"af1497","flight_icao":"afr1497"}},"aircraft":null,"live":null},{"flight_date":"2020-12-26","flight_status":"scheduled","departure":{"airport":"Narita International Airport","timezone":"Asia\/Tokyo","iata":"NRT","icao":"RJAA","terminal":"2","gate":"92","delay":null,"scheduled":"2020-12-26T17:45:00+00:00","estimated":"2020-12-26T17:45:00+00:00","actual":null,"estimated_runway":null,"actual_runway":null},"arrival":{"airport":"Taiwan Taoyuan International (Chiang Kai Shek International)","timezone":"Asia\/Taipei","iata":"TPE","icao":"RCTP","terminal":"2","gate":"D6","baggage":null,"delay":null,"scheduled":"2020-12-26T20:55:00+00:00","estimated":"2020-12-26T20:55:00+00:00","actual":null,"estimated_runway":null,"actual_runway":null},"airline":{"name":"Delta Air Lines","iata":"DL","icao":"DAL"},"flight":{"number":"7724","iata":"DL7724","icao":"DAL7724","codeshared":{"airline_name":"china airlines","airline_iata":"ci","airline_icao":"cal","flight_number":"105","flight_iata":"ci105","flight_icao":"cal105"}},"aircraft":null,"live":null},{"flight_date":"2020-12-26","flight_status":"scheduled","departure":{"airport":"Murtala Muhammed","timezone":"Africa\/Lagos","iata":"LOS","icao":"DNMM","terminal":"I","gate":"E55","delay":null,"scheduled":"2020-12-26T09:00:00+00:00","estimated":"2020-12-26T09:00:00+00:00","actual":null,"estimated_runway":null,"actual_runway":null},"arrival":{"airport":"Heathrow","timezone":"Europe\/London","iata":"LHR","icao":"EGLL","terminal":"2","gate":null,"baggage":null,"delay":null,"scheduled":"2020-12-26T14:30:00+00:00","estimated":"2020-12-26T14:30:00+00:00","actual":null,"estimated_runway":null,"actual_runway":null},"airline":{"name":"Delta Air Lines","iata":"DL","icao":"DAL"},"flight":{"number":"4345","iata":"DL4345","icao":"DAL4345","codeshared":{"airline_name":"virgin atlantic","airline_iata":"vs","airline_icao":"vir","flight_number":"412","flight_iata":"vs412","flight_icao":"vir412"}},"aircraft":null,"live":null},{"flight_date":"2020-12-26","flight_status":"scheduled","departure":{"airport":"Charles De Gaulle","timezone":"Europe\/Paris","iata":"CDG","icao":"LFPG","terminal":"2F","gate":"F05","delay":null,"scheduled":"2020-12-26T08:25:00+00:00","estimated":"2020-12-26T08:25:00+00:00","actual":null,"estimated_runway":null,"actual_runway":null},"arrival":{"airport":"M\u00e9rignac","timezone":"Europe\/Paris","iata":"BOD","icao":"LFBD","terminal":"B","gate":"1","baggage":"1","delay":null,"scheduled":"2020-12-26T09:40:00+00:00","estimated":"2020-12-26T09:40:00+00:00","actual":null,"estimated_runway":null,"actual_runway":null},"airline":{"name":"Delta Air Lines","iata":"DL","icao":"DAL"},"flight":{"number":"8281","iata":"DL8281","icao":"DAL8281","codeshared":{"airline_name":"air france","airline_iata":"af","airline_icao":"afr","flight_number":"7620","flight_iata":"af7620","flight_icao":"afr7620"}},"aircraft":null,"live":null},{"flight_date":"2020-12-26","flight_status":"scheduled","departure":{"airport":"Charles De Gaulle","timezone":"Europe\/Paris","iata":"CDG","icao":"LFPG","terminal":"2F","gate":"F05","delay":null,"scheduled":"2020-12-26T08:30:00+00:00","estimated":"2020-12-26T08:30:00+00:00","actual":null,"estimated_runway":null,"actual_runway":null},"arrival":{"airport":"Geneve-cointrin","timezone":"Europe\/Zurich","iata":"GVA","icao":"LSGG","terminal":"1","gate":null,"baggage":"2","delay":null,"scheduled":"2020-12-26T09:40:00+00:00","estimated":"2020-12-26T09:40:00+00:00","actual":null,"estimated_runway":null,"actual_runway":null},"airline":{"name":"Delta Air Lines","iata":"DL","icao":"DAL"},"flight":{"number":"8522","iata":"DL8522","icao":"DAL8522","codeshared":{"airline_name":"air france","airline_iata":"af","airline_icao":"afr","flight_number":"1642","flight_iata":"af1642","flight_icao":"afr1642"}},"aircraft":null,"live":null},{"flight_date":"2020-12-26","flight_status":"scheduled","departure":{"airport":"Leonardo Da Vinci (Fiumicino)","timezone":"Europe\/Rome","iata":"FCO","icao":"LIRF","terminal":"3","gate":"E","delay":null,"scheduled":"2020-12-26T09:05:00+00:00","estimated":"2020-12-26T09:05:00+00:00","actual":null,"estimated_runway":null,"actual_runway":null},"arrival":{"airport":"Charles De Gaulle","timezone":"Europe\/Paris","iata":"CDG","icao":"LFPG","terminal":"2F","gate":null,"baggage":"21","delay":null,"scheduled":"2020-12-26T11:20:00+00:00","estimated":"2020-12-26T11:20:00+00:00","actual":null,"estimated_runway":null,"actual_runway":null},"airline":{"name":"Delta Air Lines","iata":"DL","icao":"DAL"},"flight":{"number":"6661","iata":"DL6661","icao":"DAL6661","codeshared":{"airline_name":"alitalia","airline_iata":"az","airline_icao":"aza","flight_number":"318","flight_iata":"az318","flight_icao":"aza318"}},"aircraft":null,"live":null},{"flight_date":"2020-12-26","flight_status":"scheduled","departure":{"airport":"Schiphol","timezone":"Europe\/Amsterdam","iata":"AMS","icao":"EHAM","terminal":"3","gate":"B27","delay":null,"scheduled":"2020-12-26T09:25:00+00:00","estimated":"2020-12-26T09:25:00+00:00","actual":null,"estimated_runway":null,"actual_runway":null},"arrival":{"airport":"Prague Vaclav Havel Airport","timezone":"Europe\/Prague","iata":"PRG","icao":"LKPR","terminal":"2","gate":null,"baggage":"24","delay":null,"scheduled":"2020-12-26T10:55:00+00:00","estimated":"2020-12-26T10:55:00+00:00","actual":null,"estimated_runway":null,"actual_runway":null},"airline":{"name":"Delta Air Lines","iata":"DL","icao":"DAL"},"flight":{"number":"7468","iata":"DL7468","icao":"DAL7468","codeshared":{"airline_name":"csa","airline_iata":"ok","airline_icao":"csa","flight_number":"617","flight_iata":"ok617","flight_icao":"csa617"}},"aircraft":null,"live":null},{"flight_date":"2020-12-26","flight_status":"scheduled","departure":{"airport":"Leonardo Da Vinci (Fiumicino)","timezone":"Europe\/Rome","iata":"FCO","icao":"LIRF","terminal":"3","gate":"A21","delay":null,"scheduled":"2020-12-26T09:00:00+00:00","estimated":"2020-12-26T09:00:00+00:00","actual":null,"estimated_runway":null,"actual_runway":null},"arrival":{"airport":"Schiphol","timezone":"Europe\/Amsterdam","iata":"AMS","icao":"EHAM","terminal":null,"gate":"C6","baggage":null,"delay":null,"scheduled":"2020-12-26T11:30:00+00:00","estimated":"2020-12-26T11:30:00+00:00","actual":null,"estimated_runway":null,"actual_runway":null},"airline":{"name":"Delta Air Lines","iata":"DL","icao":"DAL"},"flight":{"number":"6606","iata":"DL6606","icao":"DAL6606","codeshared":{"airline_name":"alitalia","airline_iata":"az","airline_icao":"aza","flight_number":"108","flight_iata":"az108","flight_icao":"aza108"}},"aircraft":null,"live":null},{"flight_date":"2020-12-26","flight_status":"scheduled","departure":{"airport":"Leonardo Da Vinci (Fiumicino)","timezone":"Europe\/Rome","iata":"FCO","icao":"LIRF","terminal":"3","gate":"E","delay":null,"scheduled":"2020-12-26T09:05:00+00:00","estimated":"2020-12-26T09:05:00+00:00","actual":null,"estimated_runway":null,"actual_runway":null},"arrival":{"airport":"El Prat De Llobregat","timezone":"Europe\/Madrid","iata":"BCN","icao":"LEBL","terminal":"1","gate":null,"baggage":null,"delay":null,"scheduled":"2020-12-26T10:50:00+00:00","estimated":"2020-12-26T10:50:00+00:00","actual":null,"estimated_runway":null,"actual_runway":null},"airline":{"name":"Delta Air Lines","iata":"DL","icao":"DAL"},"flight":{"number":"6617","iata":"DL6617","icao":"DAL6617","codeshared":{"airline_name":"alitalia","airline_iata":"az","airline_icao":"aza","flight_number":"74","flight_iata":"az74","flight_icao":"aza74"}},"aircraft":null,"live":null},{"flight_date":"2020-12-26","flight_status":"scheduled","departure":{"airport":"Leonardo Da Vinci (Fiumicino)","timezone":"Europe\/Rome","iata":"FCO","icao":"LIRF","terminal":"3","gate":"E","delay":null,"scheduled":"2020-12-26T09:05:00+00:00","estimated":"2020-12-26T09:05:00+00:00","actual":null,"estimated_runway":null,"actual_runway":null},"arrival":{"airport":"Fontanarossa","timezone":"Europe\/Rome","iata":"CTA","icao":"LICC","terminal":null,"gate":null,"baggage":null,"delay":null,"scheduled":"2020-12-26T10:20:00+00:00","estimated":"2020-12-26T10:20:00+00:00","actual":null,"estimated_runway":null,"actual_runway":null},"airline":{"name":"Delta Air Lines","iata":"DL","icao":"DAL"},"flight":{"number":"6646","iata":"DL6646","icao":"DAL6646","codeshared":{"airline_name":"alitalia","airline_iata":"az","airline_icao":"aza","flight_number":"1731","flight_iata":"az1731","flight_icao":"aza1731"}},"aircraft":null,"live":null},{"flight_date":"2020-12-26","flight_status":"scheduled","departure":{"airport":"Marseille Provence Airport","timezone":"Europe\/Paris","iata":"MRS","icao":"LFML","terminal":"1B","gate":null,"delay":null,"scheduled":"2020-12-26T09:25:00+00:00","estimated":"2020-12-26T09:25:00+00:00","actual":null,"estimated_runway":null,"actual_runway":null},"arrival":{"airport":"Charles De Gaulle","timezone":"Europe\/Paris","iata":"CDG","icao":"LFPG","terminal":"2F","gate":null,"baggage":"23","delay":null,"scheduled":"2020-12-26T11:00:00+00:00","estimated":"2020-12-26T11:00:00+00:00","actual":null,"estimated_runway":null,"actual_runway":null},"airline":{"name":"Delta Air Lines","iata":"DL","icao":"DAL"},"flight":{"number":"8288","iata":"DL8288","icao":"DAL8288","codeshared":{"airline_name":"air france","airline_iata":"af","airline_icao":"afr","flight_number":"7669","flight_iata":"af7669","flight_icao":"afr7669"}},"aircraft":null,"live":null},{"flight_date":"2020-12-26","flight_status":"scheduled","departure":{"airport":"Heathrow","timezone":"Europe\/London","iata":"LHR","icao":"EGLL","terminal":"2","gate":"D","delay":10,"scheduled":"2020-12-26T10:00:00+00:00","estimated":"2020-12-26T10:00:00+00:00","actual":null,"estimated_runway":null,"actual_runway":null},"arrival":{"airport":"John F Kennedy International","timezone":"America\/New_York","iata":"JFK","icao":"KJFK","terminal":"4","gate":"B38","baggage":"T4","delay":null,"scheduled":"2020-12-26T13:26:00+00:00","estimated":"2020-12-26T13:26:00+00:00","actual":null,"estimated_runway":null,"actual_runway":null},"airline":{"name":"Delta Air Lines","iata":"DL","icao":"DAL"},"flight":{"number":"2","iata":"DL2","icao":"DAL2","codeshared":null},"aircraft":null,"live":null},{"flight_date":"2020-12-26","flight_status":"scheduled","departure":{"airport":"Linkoping","timezone":"Europe\/Stockholm","iata":"LPI","icao":"ESSL","terminal":null,"gate":"2","delay":null,"scheduled":"2020-12-26T06:40:00+00:00","estimated":"2020-12-26T06:40:00+00:00","actual":null,"estimated_runway":null,"actual_runway":null},"arrival":{"airport":"Schiphol","timezone":"Europe\/Amsterdam","iata":"AMS","icao":"EHAM","terminal":null,"gate":"A04","baggage":null,"delay":null,"scheduled":"2020-12-26T08:25:00+00:00","estimated":"2020-12-26T08:25:00+00:00","actual":null,"estimated_runway":null,"actual_runway":null},"airline":{"name":"Delta Air Lines","iata":"DL","icao":"DAL"},"flight":{"number":"9496","iata":"DL9496","icao":"DAL9496","codeshared":{"airline_name":"klm","airline_iata":"kl","airline_icao":"klm","flight_number":"1178","flight_iata":"kl1178","flight_icao":"klm1178"}},"aircraft":null,"live":null},{"flight_date":"2020-12-26","flight_status":"scheduled","departure":{"airport":"Schiphol","timezone":"Europe\/Amsterdam","iata":"AMS","icao":"EHAM","terminal":"1","gate":"D6","delay":null,"scheduled":"2020-12-26T09:40:00+00:00","estimated":"2020-12-26T09:40:00+00:00","actual":null,"estimated_runway":null,"actual_runway":null},"arrival":{"airport":"Newcastle Airport","timezone":"Europe\/London","iata":"NCL","icao":"EGNT","terminal":null,"gate":null,"baggage":null,"delay":null,"scheduled":"2020-12-26T09:55:00+00:00","estimated":"2020-12-26T09:55:00+00:00","actual":null,"estimated_runway":null,"actual_runway":null},"airline":{"name":"Delta Air Lines","iata":"DL","icao":"DAL"},"flight":{"number":"9689","iata":"DL9689","icao":"DAL9689","codeshared":{"airline_name":"klm","airline_iata":"kl","airline_icao":"klm","flight_number":"953","flight_iata":"kl953","flight_icao":"klm953"}},"aircraft":null,"live":null},{"flight_date":"2020-12-26","flight_status":"scheduled","departure":{"airport":"Cote D\u0027azur International Airport","timezone":"Europe\/Paris","iata":"NCE","icao":"LFMN","terminal":"2","gate":"2C","delay":null,"scheduled":"2020-12-26T09:45:00+00:00","estimated":"2020-12-26T09:45:00+00:00","actual":null,"estimated_runway":null,"actual_runway":null},"arrival":{"airport":"Charles De Gaulle","timezone":"Europe\/Paris","iata":"CDG","icao":"LFPG","terminal":"2F","gate":null,"baggage":"23","delay":null,"scheduled":"2020-12-26T11:20:00+00:00","estimated":"2020-12-26T11:20:00+00:00","actual":null,"estimated_runway":null,"actual_runway":null},"airline":{"name":"Delta Air Lines","iata":"DL","icao":"DAL"},"flight":{"number":"8583","iata":"DL8583","icao":"DAL8583","codeshared":{"airline_name":"air france","airline_iata":"af","airline_icao":"afr","flight_number":"7707","flight_iata":"af7707","flight_icao":"afr7707"}},"aircraft":null,"live":null},{"flight_date":"2020-12-26","flight_status":"scheduled","departure":{"airport":"Cote D\u0027azur International Airport","timezone":"Europe\/Paris","iata":"NCE","icao":"LFMN","terminal":"2","gate":"2C","delay":null,"scheduled":"2020-12-26T10:05:00+00:00","estimated":"2020-12-26T10:05:00+00:00","actual":null,"estimated_runway":null,"actual_runway":null},"arrival":{"airport":"Charles De Gaulle","timezone":"Europe\/Paris","iata":"CDG","icao":"LFPG","terminal":"2F","gate":null,"baggage":"22","delay":null,"scheduled":"2020-12-26T11:40:00+00:00","estimated":"2020-12-26T11:40:00+00:00","actual":null,"estimated_runway":null,"actual_runway":null},"airline":{"name":"Delta Air Lines","iata":"DL","icao":"DAL"},"flight":{"number":"8396","iata":"DL8396","icao":"DAL8396","codeshared":{"airline_name":"air france","airline_iata":"af","airline_icao":"afr","flight_number":"7701","flight_iata":"af7701","flight_icao":"afr7701"}},"aircraft":null,"live":null},{"flight_date":"2020-12-26","flight_status":"scheduled","departure":{"airport":"Arlanda","timezone":"Europe\/Stockholm","iata":"ARN","icao":"ESSA","terminal":"5","gate":"F33","delay":null,"scheduled":"2020-12-26T09:35:00+00:00","estimated":"2020-12-26T09:35:00+00:00","actual":null,"estimated_runway":null,"actual_runway":null},"arrival":{"airport":"Schiphol","timezone":"Europe\/Amsterdam","iata":"AMS","icao":"EHAM","terminal":null,"gate":"A4","baggage":null,"delay":null,"scheduled":"2020-12-26T11:45:00+00:00","estimated":"2020-12-26T11:45:00+00:00","actual":null,"estimated_runway":null,"actual_runway":null},"airline":{"name":"Delta Air Lines","iata":"DL","icao":"DAL"},"flight":{"number":"9350","iata":"DL9350","icao":"DAL9350","codeshared":{"airline_name":"klm","airline_iata":"kl","airline_icao":"klm","flight_number":"1106","flight_iata":"kl1106","flight_icao":"klm1106"}},"aircraft":null,"live":null},{"flight_date":"2020-12-26","flight_status":"scheduled","departure":{"airport":"Linate","timezone":"Europe\/Rome","iata":"LIN","icao":"LIML","terminal":null,"gate":"A8","delay":null,"scheduled":"2020-12-26T10:00:00+00:00","estimated":"2020-12-26T10:00:00+00:00","actual":null,"estimated_runway":null,"actual_runway":null},"arrival":{"airport":"Leonardo Da Vinci (Fiumicino)","timezone":"Europe\/Rome","iata":"FCO","icao":"LIRF","terminal":"3","gate":null,"baggage":null,"delay":null,"scheduled":"2020-12-26T11:10:00+00:00","estimated":"2020-12-26T11:10:00+00:00","actual":null,"estimated_runway":null,"actual_runway":null},"airline":{"name":"Delta Air Lines","iata":"DL","icao":"DAL"},"flight":{"number":"6693","iata":"DL6693","icao":"DAL6693","codeshared":{"airline_name":"alitalia","airline_iata":"az","airline_icao":"aza","flight_number":"2039","flight_iata":"az2039","flight_icao":"aza2039"}},"aircraft":null,"live":null},{"flight_date":"2020-12-26","flight_status":"scheduled","departure":{"airport":"Mc Carran International","timezone":"America\/Los_Angeles","iata":"LAS","icao":"KLAS","terminal":"1","gate":"D42","delay":15,"scheduled":"2020-12-26T00:25:00+00:00","estimated":"2020-12-26T00:25:00+00:00","actual":null,"estimated_runway":null,"actual_runway":null},"arrival":{"airport":"Minneapolis - St. Paul International","timezone":"America\/Chicago","iata":"MSP","icao":"KMSP","terminal":"1","gate":"G14","baggage":"8","delay":null,"scheduled":"2020-12-26T05:24:00+00:00","estimated":"2020-12-26T05:24:00+00:00","actual":null,"estimated_runway":null,"actual_runway":null},"airline":{"name":"Delta Air Lines","iata":"DL","icao":"DAL"},"flight":{"number":"841","iata":"DL841","icao":"DAL841","codeshared":null},"aircraft":null,"live":null},{"flight_date":"2020-12-26","flight_status":"scheduled","departure":{"airport":"Los Angeles International","timezone":"America\/Los_Angeles","iata":"LAX","icao":"KLAX","terminal":"2","gate":"23","delay":null,"scheduled":"2020-12-26T00:15:00+00:00","estimated":"2020-12-26T00:15:00+00:00","actual":null,"estimated_runway":null,"actual_runway":null},"arrival":{"airport":"Detroit Metropolitan Wayne County","timezone":"America\/Detroit","iata":"DTW","icao":"KDTW","terminal":"M","gate":"A9","baggage":null,"delay":null,"scheduled":"2020-12-26T07:27:00+00:00","estimated":"2020-12-26T07:27:00+00:00","actual":null,"estimated_runway":null,"actual_runway":null},"airline":{"name":"Delta Air Lines","iata":"DL","icao":"DAL"},"flight":{"number":"807","iata":"DL807","icao":"DAL807","codeshared":null},"aircraft":null,"live":null},{"flight_date":"2020-12-26","flight_status":"scheduled","departure":{"airport":"Los Angeles International","timezone":"America\/Los_Angeles","iata":"LAX","icao":"KLAX","terminal":"2","gate":"23","delay":null,"scheduled":"2020-12-26T00:20:00+00:00","estimated":"2020-12-26T00:20:00+00:00","actual":null,"estimated_runway":null,"actual_runway":null},"arrival":{"airport":"Minneapolis - St. Paul International","timezone":"America\/Chicago","iata":"MSP","icao":"KMSP","terminal":"1","gate":"G12","baggage":null,"delay":null,"scheduled":"2020-12-26T05:48:00+00:00","estimated":"2020-12-26T05:48:00+00:00","actual":null,"estimated_runway":null,"actual_runway":null},"airline":{"name":"Delta Air Lines","iata":"DL","icao":"DAL"},"flight":{"number":"926","iata":"DL926","icao":"DAL926","codeshared":null},"aircraft":null,"live":null},{"flight_date":"2020-12-26","flight_status":"scheduled","departure":{"airport":"Leonardo Da Vinci (Fiumicino)","timezone":"Europe\/Rome","iata":"FCO","icao":"LIRF","terminal":"3","gate":"E","delay":null,"scheduled":"2020-12-26T09:15:00+00:00","estimated":"2020-12-26T09:15:00+00:00","actual":null,"estimated_runway":null,"actual_runway":null},"arrival":{"airport":"Punta Raisi","timezone":"Europe\/Rome","iata":"PMO","icao":"LICJ","terminal":"1","gate":null,"baggage":null,"delay":null,"scheduled":"2020-12-26T10:20:00+00:00","estimated":"2020-12-26T10:20:00+00:00","actual":null,"estimated_runway":null,"actual_runway":null},"airline":{"name":"Delta Air Lines","iata":"DL","icao":"DAL"},"flight":{"number":"6657","iata":"DL6657","icao":"DAL6657","codeshared":{"airline_name":"alitalia","airline_iata":"az","airline_icao":"aza","flight_number":"1785","flight_iata":"az1785","flight_icao":"aza1785"}},"aircraft":null,"live":null},{"flight_date":"2020-12-26","flight_status":"scheduled","departure":{"airport":"Leonardo Da Vinci (Fiumicino)","timezone":"Europe\/Rome","iata":"FCO","icao":"LIRF","terminal":"3","gate":"E","delay":null,"scheduled":"2020-12-26T09:30:00+00:00","estimated":"2020-12-26T09:30:00+00:00","actual":null,"estimated_runway":null,"actual_runway":null},"arrival":{"airport":"John F Kennedy International","timezone":"America\/New_York","iata":"JFK","icao":"KJFK","terminal":"1","gate":null,"baggage":null,"delay":null,"scheduled":"2020-12-26T13:20:00+00:00","estimated":"2020-12-26T13:20:00+00:00","actual":null,"estimated_runway":null,"actual_runway":null},"airline":{"name":"Delta Air Lines","iata":"DL","icao":"DAL"},"flight":{"number":"6694","iata":"DL6694","icao":"DAL6694","codeshared":{"airline_name":"alitalia","airline_iata":"az","airline_icao":"aza","flight_number":"608","flight_iata":"az608","flight_icao":"aza608"}},"aircraft":null,"live":null}]}