{"pagination":{"limit":25,"offset":0,"count":25,"total":2696},"data":[{"flight_date":"2020-12-26","flight_status":"active","departure":{"airport":"Soekarno-Hatta International","timezone":"Asia\/Jakarta","iata":"CGK","icao":"WIII","terminal":"3","gate":"U15","delay":16,"scheduled":"2020-12-26T09:25:00+00:00","estimated":"2020-12-26T09:25:00+00:00","actual":"2020-12-26T09:40:00+00:00","estimated_runway":"2020-12-26T09:40:00+00:00","actual_runway":"2020-12-26T09:40:00+00:00"},"arrival":{"airport":"Hasanudin","timezone":"Asia\/Makassar","iata":"UPG","icao":"WAAA","terminal":"1","gate":null,"baggage":"2","delay":null,"scheduled":"2020-12-26T13:10:00+00:00","estimated":"2020-12-26T13:10:00+00:00","actual":null,"estimated_runway":null,"actual_runway":null},"airline":{"name":"ANA","iata":"NH","icao":"ANA"},"flight":{"number":"5553","iata":"NH5553","icao":"ANA5553","codeshared":{"airline_name":"garuda indonesia","airline_iata":"ga","airline_icao":"gia","flight_number":"608","flight_iata":"ga608","flight_icao":"gia608"}},"aircraft":null,"live":null},{"flight_date":"2020-12-26","flight_status":"scheduled","departure":{"airport":"Kumamoto","timezone":"Asia\/Tokyo","iata":"KMJ","icao":"RJFT","terminal":null,"gate":"102","delay":null,"scheduled":"2020-12-26T14:40:00+00:00","estimated":"2020-12-26T14:40:00+00:00","actual":null,"estimated_runway":null,"actual_runway":null},"arrival":{"airport":"Haneda Airport","timezone":"Asia\/Tokyo","iata":"HND","icao":"RJTT","terminal":"2","gate":null,"baggage":null,"delay":null,"scheduled":"2020-12-26T16:20:00+00:00","estimated":"2020-12-26T16:20:00+00:00","actual":null,"estimated_runway":null,"actual_runway":null},"airline":{"name":"ANA","iata":"NH","icao":"ANA"},"flight":{"number":"2416","iata":"NH2416","icao":"ANA2416","codeshared":null},"aircraft":null,"live":null},{"flight_date":"2020-12-26","flight_status":"scheduled","departure":{"airport":"Noibai International","timezone":"Asia\/Ho_Chi_Minh","iata":"HAN","icao":"VVNB","terminal":"T2","gate":null,"delay":null,"scheduled":"2020-12-26T14:40:00+00:00","estimated":"2020-12-26T14:40:00+00:00","actual":null,"estimated_runway":null,"actual_runway":null},"arrival":{"airport":"Narita International Airport","timezone":"Asia\/Tokyo","iata":"NRT","icao":"RJAA","terminal":"1","gate":"32","baggage":null,"delay":null,"scheduled":"2020-12-26T21:15:00+00:00","estimated":"2020-12-26T21:15:00+00:00","actual":null,"estimated_runway":null,"actual_runway":null},"airline":{"name":"ANA","iata":"NH","icao":"ANA"},"flight":{"number":"898","iata":"NH898","icao":"ANA898","codeshared":null},"aircraft":null,"live":null},{"flight_date":"2020-12-26","flight_status":"scheduled","departure":{"airport":"Narita International Airport","timezone":"Asia\/Tokyo","iata":"NRT","icao":"RJAA","terminal":"1","gate":"32","delay":null,"scheduled":"2020-12-26T17:15:00+00:00","estimated":"2020-12-26T17:15:00+00:00","actual":null,"estimated_runway":null,"actual_runway":null},"arrival":{"airport":"Kuala Lumpur International Airport (klia)","timezone":"Asia\/Kuala_Lumpur","iata":"KUL","icao":"WMKK","terminal":"1","gate":null,"baggage":null,"delay":null,"scheduled":"2020-12-27T00:05:00+00:00","estimated":"2020-12-27T00:05:00+00:00","actual":null,"estimated_runway":null,"actual_runway":null},"airline":{"name":"ANA","iata":"NH","icao":"ANA"},"flight":{"number":"815","iata":"NH815","icao":"ANA815","codeshared":null},"aircraft":null,"live":null},{"flight_date":"2020-12-26","flight_status":"cancelled","departure":{"airport":"King Khaled International","timezone":"Asia\/Riyadh","iata":"RUH","icao":"OERK","terminal":"1","gate":null,"delay":null,"scheduled":"2020-12-26T10:10:00+00:00","estimated":"2020-12-26T10:10:00+00:00","actual":null,"estimated_runway":null,"actual_runway":null},"arrival":{"airport":"Abu Dhabi International","timezone":"Asia\/Dubai","iata":"AUH","icao":"OMAA","terminal":"T3","gate":null,"baggage":null,"delay":null,"scheduled":"2020-12-26T12:45:00+00:00","estimated":"2020-12-26T12:45:00+00:00","actual":null,"estimated_runway":null,"actual_runway":null},"airline":{"name":"ANA","iata":"NH","icao":"ANA"},"flight":{"number":"6375","iata":"NH6375","icao":"ANA6375","codeshared":{"airline_name":"etihad airways","airline_iata":"ey","airline_icao":"etd","flight_number":"2318","flight_iata":"ey2318","flight_icao":"etd2318"}},"aircraft":null,"live":null},{"flight_date":"2020-12-26","flight_status":"scheduled","departure":{"airport":"Sendai","timezone":"Asia\/Tokyo","iata":"SDJ","icao":"RJSS","terminal":null,"gate":"5","delay":null,"scheduled":"2020-12-26T19:15:00+00:00","estimated":"2020-12-26T19:15:00+00:00","actual":null,"estimated_runway":null,"actual_runway":null},"arrival":{"airport":"Chitose","timezone":"Asia\/Tokyo","iata":"CTS","icao":"RJCC","terminal":"D","gate":null,"baggage":null,"delay":null,"scheduled":"2020-12-26T20:30:00+00:00","estimated":"2020-12-26T20:30:00+00:00","actual":null,"estimated_runway":null,"actual_runway":null},"airline":{"name":"ANA","iata":"NH","icao":"ANA"},"flight":{"number":"4811","iata":"NH4811","icao":"ANA4811","codeshared":{"airline_name":"air do","airline_iata":"hd","airline_icao":"ado","flight_number":"111","flight_iata":"hd111","flight_icao":"ado111"}},"aircraft":null,"live":null},{"flight_date":"2020-12-26","flight_status":"scheduled","departure":{"airport":"Oita","timezone":"Asia\/Tokyo","iata":"OIT","icao":"RJFO","terminal":null,"gate":"2","delay":null,"scheduled":"2020-12-26T16:55:00+00:00","estimated":"2020-12-26T16:55:00+00:00","actual":null,"estimated_runway":null,"actual_runway":null},"arrival":{"airport":"Haneda Airport","timezone":"Asia\/Tokyo","iata":"HND","icao":"RJTT","terminal":"2","gate":null,"baggage":null,"delay":null,"scheduled":"2020-12-26T18:30:00+00:00","estimated":"2020-12-26T18:30:00+00:00","actual":null,"estimated_runway":null,"actual_runway":null},"airline":{"name":"ANA","iata":"NH","icao":"ANA"},"flight":{"number":"2492","iata":"NH2492","icao":"ANA2492","codeshared":null},"aircraft":null,"live":null},{"flight_date":"2020-12-26","flight_status":"scheduled","departure":{"airport":"Haneda Airport","timezone":"Asia\/Tokyo","iata":"HND","icao":"RJTT","terminal":"2","gate":"51","delay":null,"scheduled":"2020-12-26T14:35:00+00:00","estimated":"2020-12-26T14:35:00+00:00","actual":null,"estimated_runway":null,"actual_runway":null},"arrival":{"airport":"Oita","timezone":"Asia\/Tokyo","iata":"OIT","icao":"RJFO","terminal":"2","gate":null,"baggage":null,"delay":null,"scheduled":"2020-12-26T16:25:00+00:00","estimated":"2020-12-26T16:25:00+00:00","actual":null,"estimated_runway":null,"actual_runway":null},"airline":{"name":"ANA","iata":"NH","icao":"ANA"},"flight":{"number":"2493","iata":"NH2493","icao":"ANA2493","codeshared":null},"aircraft":null,"live":null},{"flight_date":"2020-12-26","flight_status":"scheduled","departure":{"airport":"Naha","timezone":"Asia\/Tokyo","iata":"OKA","icao":"ROAH","terminal":"D","gate":"35","delay":null,"scheduled":"2020-12-26T16:30:00+00:00","estimated":"2020-12-26T16:30:00+00:00","actual":null,"estimated_runway":null,"actual_runway":null},"arrival":{"airport":"Hirara","timezone":"Asia\/Tokyo","iata":"MMY","icao":"ROMY","terminal":"D","gate":null,"baggage":null,"delay":null,"scheduled":"2020-12-26T17:25:00+00:00","estimated":"2020-12-26T17:25:00+00:00","actual":null,"estimated_runway":null,"actual_runway":null},"airline":{"name":"ANA","iata":"NH","icao":"ANA"},"flight":{"number":"1727","iata":"NH1727","icao":"ANA1727","codeshared":null},"aircraft":null,"live":null},{"flight_date":"2020-12-26","flight_status":"scheduled","departure":{"airport":"Naha","timezone":"Asia\/Tokyo","iata":"OKA","icao":"ROAH","terminal":"D","gate":"33","delay":null,"scheduled":"2020-12-26T16:45:00+00:00","estimated":"2020-12-26T16:45:00+00:00","actual":null,"estimated_runway":null,"actual_runway":null},"arrival":{"airport":"Haneda Airport","timezone":"Asia\/Tokyo","iata":"HND","icao":"RJTT","terminal":"2","gate":null,"baggage":null,"delay":null,"scheduled":"2020-12-26T19:00:00+00:00","estimated":"2020-12-26T19:00:00+00:00","actual":null,"estimated_runway":null,"actual_runway":null},"airline":{"name":"ANA","iata":"NH","icao":"ANA"},"flight":{"number":"472","iata":"NH472","icao":"ANA472","codeshared":null},"aircraft":null,"live":null},{"flight_date":"2020-12-26","flight_status":"scheduled","departure":{"airport":"Naha","timezone":"Asia\/Tokyo","iata":"OKA","icao":"ROAH","terminal":"D","gate":"34","delay":null,"scheduled":"2020-12-26T16:45:00+00:00","estimated":"2020-12-26T16:45:00+00:00","actual":null,"estimated_runway":null,"actual_runway":null},"arrival":{"airport":"Miyazaki","timezone":"Asia\/Tokyo","iata":"KMI","icao":"RJFM","terminal":"2","gate":null,"baggage":null,"delay":null,"scheduled":"2020-12-26T18:05:00+00:00","estimated":"2020-12-26T18:05:00+00:00","actual":null,"estimated_runway":null,"actual_runway":null},"airline":{"name":"ANA","iata":"NH","icao":"ANA"},"flight":{"number":"2468","iata":"NH2468","icao":"ANA2468","codeshared":null},"aircraft":null,"live":null},{"flight_date":"2020-12-26","flight_status":"scheduled","departure":{"airport":"Naha","timezone":"Asia\/Tokyo","iata":"OKA","icao":"ROAH","terminal":"D","gate":"32","delay":null,"scheduled":"2020-12-26T16:55:00+00:00","estimated":"2020-12-26T16:55:00+00:00","actual":null,"estimated_runway":null,"actual_runway":null},"arrival":{"airport":"Itami","timezone":"Asia\/Tokyo","iata":"ITM","icao":"RJOO","terminal":"2","gate":null,"baggage":null,"delay":null,"scheduled":"2020-12-26T18:50:00+00:00","estimated":"2020-12-26T18:50:00+00:00","actual":null,"estimated_runway":null,"actual_runway":null},"airline":{"name":"ANA","iata":"NH","icao":"ANA"},"flight":{"number":"770","iata":"NH770","icao":"ANA770","codeshared":null},"aircraft":null,"live":null},{"flight_date":"2020-12-26","flight_status":"scheduled","departure":{"airport":"Akita","timezone":"Asia\/Tokyo","iata":"AXT","icao":"RJSK","terminal":null,"gate":"D2","delay":null,"scheduled":"2020-12-26T17:00:00+00:00","estimated":"2020-12-26T17:00:00+00:00","actual":null,"estimated_runway":null,"actual_runway":null},"arrival":{"airport":"Chu-Bu Centrair International (Central Japan International)","timezone":"Asia\/Tokyo","iata":"NGO","icao":"RJGG","terminal":"1","gate":null,"baggage":null,"delay":null,"scheduled":"2020-12-26T18:30:00+00:00","estimated":"2020-12-26T18:30:00+00:00","actual":null,"estimated_runway":null,"actual_runway":null},"airline":{"name":"ANA","iata":"NH","icao":"ANA"},"flight":{"number":"1840","iata":"NH1840","icao":"ANA1840","codeshared":null},"aircraft":null,"live":null},{"flight_date":"2020-12-26","flight_status":"scheduled","departure":{"airport":"Narita International Airport","timezone":"Asia\/Tokyo","iata":"NRT","icao":"RJAA","terminal":"1","gate":"52","delay":null,"scheduled":"2020-12-26T17:00:00+00:00","estimated":"2020-12-26T17:00:00+00:00","actual":null,"estimated_runway":null,"actual_runway":null},"arrival":{"airport":"Los Angeles International","timezone":"America\/Los_Angeles","iata":"LAX","icao":"KLAX","terminal":"TBIT","gate":null,"baggage":null,"delay":null,"scheduled":"2020-12-26T09:50:00+00:00","estimated":"2020-12-26T09:50:00+00:00","actual":null,"estimated_runway":null,"actual_runway":null},"airline":{"name":"ANA","iata":"NH","icao":"ANA"},"flight":{"number":"6","iata":"NH6","icao":"ANA6","codeshared":null},"aircraft":null,"live":null},{"flight_date":"2020-12-26","flight_status":"scheduled","departure":{"airport":"Narita International Airport","timezone":"Asia\/Tokyo","iata":"NRT","icao":"RJAA","terminal":"1","gate":"56","delay":null,"scheduled":"2020-12-26T17:00:00+00:00","estimated":"2020-12-26T17:00:00+00:00","actual":null,"estimated_runway":null,"actual_runway":null},"arrival":{"airport":"San Francisco International","timezone":"America\/Los_Angeles","iata":"SFO","icao":"KSFO","terminal":"INTL","gate":null,"baggage":null,"delay":null,"scheduled":"2020-12-26T09:15:00+00:00","estimated":"2020-12-26T09:15:00+00:00","actual":null,"estimated_runway":null,"actual_runway":null},"airline":{"name":"ANA","iata":"NH","icao":"ANA"},"flight":{"number":"8","iata":"NH8","icao":"ANA8","codeshared":null},"aircraft":null,"live":null},{"flight_date":"2020-12-26","flight_status":"scheduled","departure":{"airport":"Narita International Airport","timezone":"Asia\/Tokyo","iata":"NRT","icao":"RJAA","terminal":"1","gate":"37","delay":null,"scheduled":"2020-12-26T17:00:00+00:00","estimated":"2020-12-26T17:00:00+00:00","actual":null,"estimated_runway":null,"actual_runway":null},"arrival":{"airport":"John F Kennedy International","timezone":"America\/New_York","iata":"JFK","icao":"KJFK","terminal":"7","gate":null,"baggage":null,"delay":null,"scheduled":"2020-12-26T15:30:00+00:00","estimated":"2020-12-26T15:30:00+00:00","actual":null,"estimated_runway":null,"actual_runway":null},"airline":{"name":"ANA","iata":"NH","icao":"ANA"},"flight":{"number":"10","iata":"NH10","icao":"ANA10","codeshared":null},"aircraft":null,"live":null},{"flight_date":"2020-12-26","flight_status":"scheduled","departure":{"airport":"Narita International Airport","timezone":"Asia\/Tokyo","iata":"NRT","icao":"RJAA","terminal":"1","gate":"26","delay":null,"scheduled":"2020-12-26T17:05:00+00:00","estimated":"2020-12-26T17:05:00+00:00","actual":null,"estimated_runway":null,"actual_runway":null},"arrival":{"airport":"Chicago O\u0027hare International","timezone":"America\/Chicago","iata":"ORD","icao":"KORD","terminal":"5","gate":null,"baggage":null,"delay":null,"scheduled":"2020-12-26T13:50:00+00:00","estimated":"2020-12-26T13:50:00+00:00","actual":null,"estimated_runway":null,"actual_runway":null},"airline":{"name":"ANA","iata":"NH","icao":"ANA"},"flight":{"number":"12","iata":"NH12","icao":"ANA12","codeshared":null},"aircraft":null,"live":null},{"flight_date":"2020-12-26","flight_status":"scheduled","departure":{"airport":"Narita International Airport","timezone":"Asia\/Tokyo","iata":"NRT","icao":"RJAA","terminal":"1S","gate":"31","delay":15,"scheduled":"2020-12-26T17:05:00+00:00","estimated":"2020-12-26T17:05:00+00:00","actual":null,"estimated_runway":null,"actual_runway":null},"arrival":{"airport":"San Francisco International","timezone":"America\/Los_Angeles","iata":"SFO","icao":"KSFO","terminal":"I","gate":"G5","baggage":null,"delay":null,"scheduled":"2020-12-26T09:10:00+00:00","estimated":"2020-12-26T09:10:00+00:00","actual":null,"estimated_runway":null,"actual_runway":null},"airline":{"name":"ANA","iata":"NH","icao":"ANA"},"flight":{"number":"7012","iata":"NH7012","icao":"ANA7012","codeshared":{"airline_name":"united airlines","airline_iata":"ua","airline_icao":"ual","flight_number":"838","flight_iata":"ua838","flight_icao":"ual838"}},"aircraft":null,"live":null},{"flight_date":"2020-12-26","flight_status":"scheduled","departure":{"airport":"Shanghai Pudong International","timezone":"Asia\/Shanghai","iata":"PVG","icao":"ZSPD","terminal":"2","gate":null,"delay":null,"scheduled":"2020-12-26T13:15:00+00:00","estimated":"2020-12-26T13:15:00+00:00","actual":null,"estimated_runway":null,"actual_runway":null},"arrival":{"airport":"Narita International Airport","timezone":"Asia\/Tokyo","iata":"NRT","icao":"RJAA","terminal":"2","gate":null,"baggage":null,"delay":null,"scheduled":"2020-12-26T17:05:00+00:00","estimated":"2020-12-26T17:05:00+00:00","actual":null,"estimated_runway":null,"actual_runway":null},"airline":{"name":"ANA","iata":"NH","icao":"ANA"},"flight":{"number":"8548","iata":"NH8548","icao":"ANA8548","codeshared":null},"aircraft":null,"live":null},{"flight_date":"2020-12-26","flight_status":"scheduled","departure":{"airport":"Noto Airport","timezone":"Asia\/Tokyo","iata":"NTQ","icao":"RJNW","terminal":null,"gate":"1","delay":null,"scheduled":"2020-12-26T16:40:00+00:00","estimated":"2020-12-26T16:40:00+00:00","actual":null,"estimated_runway":null,"actual_runway":null},"arrival":{"airport":"Haneda Airport","timezone":"Asia\/Tokyo","iata":"HND","icao":"RJTT","terminal":"2","gate":null,"baggage":null,"delay":null,"scheduled":"2020-12-26T17:45:00+00:00","estimated":"2020-12-26T17:45:00+00:00","actual":null,"estimated_runway":null,"actual_runway":null},"airline":{"name":"ANA","iata":"NH","icao":"ANA"},"flight":{"number":"750","iata":"NH750","icao":"ANA750","codeshared":null},"aircraft":null,"live":null},{"flight_date":"2020-12-26","flight_status":"scheduled","departure":{"airport":"Chitose","timezone":"Asia\/Tokyo","iata":"CTS","icao":"RJCC","terminal":"D","gate":"1","delay":null,"scheduled":"2020-12-26T16:25:00+00:00","estimated":"2020-12-26T16:25:00+00:00","actual":null,"estimated_runway":null,"actual_runway":null},"arrival":{"airport":"Nakashibetsu","timezone":"Asia\/Tokyo","iata":"SHB","icao":"RJCN","terminal":"D","gate":null,"baggage":null,"delay":null,"scheduled":"2020-12-26T17:15:00+00:00","estimated":"2020-12-26T17:15:00+00:00","actual":null,"estimated_runway":null,"actual_runway":null},"airline":{"name":"ANA","iata":"NH","icao":"ANA"},"flight":{"number":"4885","iata":"NH4885","icao":"ANA4885","codeshared":null},"aircraft":null,"live":null},{"flight_date":"2020-12-26","flight_status":"scheduled","departure":{"airport":"Chitose","timezone":"Asia\/Tokyo","iata":"CTS","icao":"RJCC","terminal":"D","gate":"7","delay":null,"scheduled":"2020-12-26T17:00:00+00:00","estimated":"2020-12-26T17:00:00+00:00","actual":null,"estimated_runway":null,"actual_runway":null},"arrival":{"airport":"Haneda Airport","timezone":"Asia\/Tokyo","iata":"HND","icao":"RJTT","terminal":"2","gate":null,"baggage":null,"delay":null,"scheduled":"2020-12-26T18:40:00+00:00","estimated":"2020-12-26T18:40:00+00:00","actual":null,"estimated_runway":null,"actual_runway":null},"airline":{"name":"ANA","iata":"NH","icao":"ANA"},"flight":{"number":"1406","iata":"NH1406","icao":"ANA1406","codeshared":null},"aircraft":null,"live":null},{"flight_date":"2020-12-26","flight_status":"scheduled","departure":{"airport":"Chitose","timezone":"Asia\/Tokyo","iata":"CTS","icao":"RJCC","terminal":"D","gate":"6","delay":null,"scheduled":"2020-12-26T17:05:00+00:00","estimated":"2020-12-26T17:05:00+00:00","actual":null,"estimated_runway":null,"actual_runway":null},"arrival":{"airport":"Chu-Bu Centrair International (Central Japan International)","timezone":"Asia\/Tokyo","iata":"NGO","icao":"RJGG","terminal":"1","gate":null,"baggage":null,"delay":null,"scheduled":"2020-12-26T19:00:00+00:00","estimated":"2020-12-26T19:00:00+00:00","actual":null,"estimated_runway":null,"actual_runway":null},"airline":{"name":"ANA","iata":"NH","icao":"ANA"},"flight":{"number":"712","iata":"NH712","icao":"ANA712","codeshared":null},"aircraft":null,"live":null},{"flight_date":"2020-12-26","flight_status":"scheduled","departure":{"airport":"Frankfurt International Airport","timezone":"Europe\/Berlin","iata":"FRA","icao":"EDDF","terminal":"1","gate":"A25","delay":null,"scheduled":"2020-12-26T09:00:00+00:00","estimated":"2020-12-26T09:00:00+00:00","actual":null,"estimated_runway":null,"actual_runway":null},"arrival":{"airport":"Hamburg Airport","timezone":"Europe\/Berlin","iata":"HAM","icao":"EDDH","terminal":"1","gate":null,"baggage":"2","delay":null,"scheduled":"2020-12-26T10:05:00+00:00","estimated":"2020-12-26T10:05:00+00:00","actual":null,"estimated_runway":null,"actual_runway":null},"airline":{"name":"ANA","iata":"NH","icao":"ANA"},"flight":{"number":"6071","iata":"NH6071","icao":"ANA6071","codeshared":{"airline_name":"lufthansa","airline_iata":"lh","airline_icao":"dlh","flight_number":"8","flight_iata":"lh8","flight_icao":"dlh8"}},"aircraft":null,"live":null},{"flight_date":"2020-12-26","flight_status":"scheduled","departure":{"airport":"Hirara","timezone":"Asia\/Tokyo","iata":"MMY","icao":"ROMY","terminal":null,"gate":"B3","delay":null,"scheduled":"2020-12-26T18:00:00+00:00","estimated":"2020-12-26T18:00:00+00:00","actual":null,"estimated_runway":null,"actual_runway":null},"arrival":{"airport":"Naha","timezone":"Asia\/Tokyo","iata":"OKA","icao":"ROAH","terminal":"D","gate":null,"baggage":null,"delay":null,"scheduled":"2020-12-26T18:50:00+00:00","estimated":"2020-12-26T18:50:00+00:00","actual":null,"estimated_runway":null,"actual_runway":null},"airline":{"name":"ANA","iata":"NH","icao":"ANA"},"flight":{"number":"1728","iata":"NH1728","icao":"ANA1728","codeshared":null},"aircraft":null,"live":null}]}